person_age,person_income,person_home_ownership,person_emp_length,loan_intent,loan_grade,loan_amnt,loan_int_rate,loan_status,loan_percent_income,cb_person_default_on_file,cb_person_cred_hist_length
58,26708,MORTGAGE,0.8,DEBTCONSOLIDATION,C,31554,,1,1.181,N,30.0
48,18161,RENT,4.9,DEBTCONSOLIDATION,C,28916,13.49,1,1.592,Y,29.0
34,80330,OWN,1.6,PERSONAL,A,27372,7.83,0,0.341,N,14.0
62,51225,RENT,3.3,MEDICAL,D,30048,,1,0.587,N,30.0
27,22607,MORTGAGE,0.4,PERSONAL,A,20669,8.19,1,0.914,N,9.0
40,22537,RENT,3.1,HOMEIMPROVEMENT,B,10777,11.22,0,0.478,N,22.0
58,40075,RENT,1.8,DEBTCONSOLIDATION,B,21968,10.18,1,0.548,N,30.0
38,133440,RENT,8.6,HOMEIMPROVEMENT,A,12292,6.32,0,0.092,N,17.0
42,41950,RENT,0.3,MEDICAL,C,14923,12.87,0,0.356,N,24.0
30,19892,RENT,2.7,DEBTCONSOLIDATION,B,28703,9.65,1,1.443,N,8.0
30,42300,MORTGAGE,3.1,HOMEIMPROVEMENT,C,19657,13.97,0,0.465,N,9.0
43,41621,RENT,6.5,VENTURE,B,4629,8.52,0,0.111,N,25.0
55,15000,RENT,4.3,EDUCATION,A,3114,8.21,1,0.208,N,30.0
59,47449,MORTGAGE,5.5,DEBTCONSOLIDATION,C,26574,13.36,0,0.56,N,30.0
43,42678,RENT,7.5,EDUCATION,A,33349,8.38,1,0.781,Y,21.0
22,74438,MORTGAGE,9.9,PERSONAL,B,23257,9.63,0,0.312,N,4.0
41,148653,MORTGAGE,1.9,HOMEIMPROVEMENT,A,18973,6.42,0,0.128,N,21.0
21,96368,MORTGAGE,3.9,PERSONAL,C,26737,13.01,0,0.277,N,3.0
43,41717,MORTGAGE,9.2,DEBTCONSOLIDATION,C,13047,12.98,0,0.313,N,23.0
63,25237,RENT,22.8,EDUCATION,B,23113,11.47,1,0.916,Y,30.0
49,229582,MORTGAGE,11.0,EDUCATION,F,1694,21.96,1,0.007,Y,30.0
57,50793,RENT,2.3,HOMEIMPROVEMENT,D,16588,18.29,1,0.327,N,30.0
21,49432,RENT,,DEBTCONSOLIDATION,C,21067,12.91,0,0.426,N,1.0
40,48316,MORTGAGE,3.4,VENTURE,C,7704,9.48,0,0.159,N,20.0
52,55207,RENT,6.8,VENTURE,A,2971,7.01,0,0.054,Y,30.0
31,44953,MORTGAGE,3.4,HOMEIMPROVEMENT,C,12441,13.78,0,0.277,N,12.0
41,34745,MORTGAGE,3.3,DEBTCONSOLIDATION,A,32476,8.36,1,0.935,N,19.0
63,35308,MORTGAGE,9.1,HOMEIMPROVEMENT,A,15677,7.86,1,0.444,N,30.0
44,48066,OWN,2.2,DEBTCONSOLIDATION,G,28818,22.9,1,0.6,N,24.0
46,35381,RENT,9.8,PERSONAL,C,2868,15.56,1,0.081,Y,24.0
61,31961,RENT,2.6,HOMEIMPROVEMENT,B,19055,9.26,1,0.596,N,30.0
47,52253,MORTGAGE,2.0,DEBTCONSOLIDATION,A,2728,7.17,0,0.052,N,26.0
35,42066,RENT,3.0,VENTURE,C,8632,12.2,1,0.205,N,15.0
34,120860,MORTGAGE,7.2,DEBTCONSOLIDATION,A,13043,7.52,0,0.108,N,13.0
66,15000,MORTGAGE,0.7,DEBTCONSOLIDATION,A,7403,9.41,1,0.494,N,30.0
63,94362,MORTGAGE,1.1,HOMEIMPROVEMENT,A,16732,7.33,0,0.177,N,30.0
22,103533,RENT,15.1,PERSONAL,B,19526,10.34,0,0.189,N,3.0
56,15000,RENT,1.0,PERSONAL,C,10340,11.46,1,0.689,Y,30.0
26,39910,RENT,4.2,PERSONAL,A,23394,7.16,1,0.586,N,6.0
40,39227,RENT,4.3,PERSONAL,C,34021,14.88,1,0.867,N,20.0
28,21067,OWN,3.4,MEDICAL,A,5102,7.2,0,0.242,N,9.0
58,30739,RENT,5.2,HOMEIMPROVEMENT,C,20159,13.12,1,0.656,N,30.0
37,25176,RENT,1.3,EDUCATION,G,7212,24.83,1,0.286,N,19.0
23,140275,RENT,4.0,HOMEIMPROVEMENT,C,32824,13.12,0,0.234,Y,4.0
44,85940,MORTGAGE,2.3,MEDICAL,D,12525,17.55,0,0.146,N,22.0
33,105127,MORTGAGE,5.4,PERSONAL,E,29760,16.96,0,0.283,N,11.0
28,75584,RENT,0.8,MEDICAL,B,28457,11.31,0,0.376,N,10.0
45,24898,RENT,4.2,VENTURE,C,11532,15.48,0,0.463,N,23.0
21,35785,RENT,1.0,VENTURE,D,14518,17.21,1,0.406,N,1.0
39,65750,RENT,,HOMEIMPROVEMENT,B,7476,8.26,0,0.114,N,17.0
47,23546,MORTGAGE,1.2,HOMEIMPROVEMENT,A,20743,6.73,1,0.881,N,29.0
66,75191,MORTGAGE,1.0,EDUCATION,E,2004,18.21,1,0.027,N,30.0
26,42438,RENT,8.7,EDUCATION,C,4271,14.71,1,0.101,N,6.0
63,39148,RENT,1.7,VENTURE,A,1209,,1,0.031,N,30.0
27,75100,OTHER,13.1,PERSONAL,B,26463,9.28,0,0.352,N,8.0
66,63994,RENT,17.5,MEDICAL,C,6539,11.57,0,0.102,N,30.0
54,39474,MORTGAGE,4.2,EDUCATION,B,20977,9.51,1,0.531,N,30.0
33,98282,RENT,0.8,DEBTCONSOLIDATION,C,9606,12.0,0,0.098,Y,15.0
36,25625,RENT,2.3,EDUCATION,C,4148,15.42,0,0.162,N,17.0
55,70937,RENT,8.0,PERSONAL,C,34536,12.72,0,0.487,N,30.0
59,69972,MORTGAGE,2.3,PERSONAL,B,6607,11.33,0,0.094,N,30.0
23,40711,OWN,0.5,HOMEIMPROVEMENT,C,20586,13.52,1,0.506,Y,1.0
21,59616,RENT,4.1,MEDICAL,C,30250,13.5,0,0.507,Y,1.0
25,23140,RENT,9.3,PERSONAL,C,19594,12.79,1,0.847,N,3.0
61,85341,RENT,7.9,EDUCATION,B,8399,11.42,0,0.098,N,30.0
23,43873,RENT,1.0,EDUCATION,B,26117,10.69,1,0.595,Y,5.0
48,35823,RENT,5.6,VENTURE,F,34126,21.12,1,0.953,N,27.0
37,91987,RENT,1.2,PERSONAL,A,34617,6.79,0,0.376,N,16.0
45,32125,MORTGAGE,1.2,DEBTCONSOLIDATION,A,8498,6.98,1,0.265,Y,26.0
63,21055,RENT,10.4,HOMEIMPROVEMENT,B,10628,11.21,1,0.505,N,30.0
53,19264,RENT,1.4,MEDICAL,D,1329,16.28,1,0.069,N,30.0
29,70516,OWN,1.5,DEBTCONSOLIDATION,A,8032,7.65,0,0.114,Y,8.0
55,22736,RENT,0.0,HOMEIMPROVEMENT,A,21622,6.6,1,0.951,N,30.0
33,140487,OWN,10.2,EDUCATION,A,29584,9.83,0,0.211,N,12.0
50,15000,RENT,7.9,DEBTCONSOLIDATION,C,5722,12.92,1,0.381,N,28.0
67,135655,OWN,4.9,HOMEIMPROVEMENT,A,18772,7.46,0,0.138,N,30.0
34,55637,MORTGAGE,6.9,EDUCATION,B,21569,10.28,0,0.388,N,16.0
27,46257,MORTGAGE,0.8,EDUCATION,B,4235,12.85,0,0.092,N,8.0
33,35349,OTHER,3.1,EDUCATION,D,5576,15.65,0,0.158,N,12.0
42,62285,RENT,2.2,EDUCATION,B,27707,10.04,1,0.445,Y,24.0
59,47926,OWN,0.5,EDUCATION,A,34868,7.64,1,0.728,N,30.0
40,95033,RENT,3.3,VENTURE,B,31285,9.67,0,0.329,N,18.0
35,52498,RENT,12.7,DEBTCONSOLIDATION,F,25154,21.13,0,0.479,N,16.0
64,53647,RENT,0.2,HOMEIMPROVEMENT,C,21054,16.35,0,0.392,N,30.0
37,39412,MORTGAGE,1.7,VENTURE,G,18165,23.86,1,0.461,N,18.0
66,47374,RENT,1.2,VENTURE,D,15439,16.32,0,0.326,Y,30.0
43,58963,MORTGAGE,1.4,PERSONAL,A,23515,6.64,0,0.399,N,22.0
45,17569,MORTGAGE,12.0,PERSONAL,C,27962,15.55,1,1.592,N,23.0
44,21831,MORTGAGE,3.2,PERSONAL,A,20464,9.83,0,0.937,N,25.0
64,76569,MORTGAGE,3.1,MEDICAL,B,31413,11.52,1,0.41,N,30.0
60,54313,RENT,7.1,PERSONAL,A,34270,8.28,0,0.631,N,30.0
48,43897,RENT,0.8,HOMEIMPROVEMENT,B,21269,10.22,0,0.485,N,27.0
34,49565,RENT,3.3,VENTURE,E,32541,18.97,1,0.657,N,16.0
64,60388,RENT,2.8,HOMEIMPROVEMENT,A,9009,6.5,1,0.149,Y,30.0
20,35459,RENT,4.5,DEBTCONSOLIDATION,D,18007,14.65,1,0.508,N,1.0
44,30730,RENT,38.6,PERSONAL,A,27462,5.72,0,0.894,N,22.0
26,55133,RENT,7.3,MEDICAL,A,12542,7.99,1,0.227,N,6.0
28,27254,OWN,2.5,DEBTCONSOLIDATION,D,18434,14.35,1,0.676,N,6.0
43,62626,MORTGAGE,8.8,MEDICAL,C,30765,12.9,0,0.491,N,23.0
20,17649,RENT,0.9,DEBTCONSOLIDATION,C,24769,13.43,1,1.403,N,1.0
63,90898,MORTGAGE,0.2,VENTURE,A,23465,8.69,0,0.258,N,30.0
27,65092,RENT,1.1,HOMEIMPROVEMENT,B,22868,9.81,1,0.351,Y,9.0
43,57160,RENT,2.1,EDUCATION,C,21156,,1,0.37,N,23.0
30,88398,MORTGAGE,3.6,HOMEIMPROVEMENT,C,21300,14.63,0,0.241,N,9.0
36,133157,RENT,4.8,PERSONAL,B,14435,9.21,0,0.108,Y,15.0
27,90095,RENT,12.1,EDUCATION,F,5114,22.35,0,0.057,N,6.0
54,16243,OTHER,3.6,MEDICAL,C,9095,13.16,1,0.56,N,30.0
54,22748,OWN,3.5,VENTURE,E,4951,17.9,0,0.218,Y,30.0
52,33695,MORTGAGE,0.3,VENTURE,C,22468,13.16,1,0.667,N,30.0
24,49794,MORTGAGE,0.2,MEDICAL,C,28073,13.5,1,0.564,N,2.0
61,66875,MORTGAGE,4.0,PERSONAL,A,3768,7.0,0,0.056,N,30.0
58,31715,RENT,2.9,MEDICAL,B,34979,9.49,1,1.103,N,30.0
60,54833,RENT,9.1,DEBTCONSOLIDATION,D,26351,15.1,1,0.481,N,30.0
47,31156,RENT,0.9,PERSONAL,A,16445,7.67,1,0.528,N,26.0
26,33965,RENT,0.1,EDUCATION,A,2160,7.31,0,0.064,N,8.0
28,21078,MORTGAGE,3.0,MEDICAL,B,23361,11.13,1,1.108,N,10.0
27,28171,RENT,1.4,PERSONAL,A,8041,7.56,1,0.285,N,7.0
31,21785,OWN,0.3,EDUCATION,E,19767,18.59,1,0.907,Y,12.0
53,27295,OWN,6.4,MEDICAL,D,11846,16.71,1,0.434,Y,30.0
52,92243,MORTGAGE,0.6,VENTURE,B,20924,12.2,0,0.227,N,30.0
67,27732,MORTGAGE,4.7,MEDICAL,A,14882,9.25,0,0.537,N,30.0
42,237858,MORTGAGE,1.6,HOMEIMPROVEMENT,C,15738,15.11,1,0.066,N,21.0
43,65906,RENT,1.0,MEDICAL,C,22019,14.54,0,0.334,N,23.0
56,54770,MORTGAGE,2.4,HOMEIMPROVEMENT,F,2095,23.5,1,0.038,N,30.0
54,29289,RENT,8.1,EDUCATION,B,15123,11.03,0,0.516,N,30.0
63,74621,MORTGAGE,2.5,MEDICAL,B,29132,10.89,0,0.39,Y,30.0
59,34704,RENT,6.9,EDUCATION,B,2079,13.19,0,0.06,N,30.0
41,52744,MORTGAGE,0.7,EDUCATION,F,30657,17.73,1,0.581,N,19.0
46,227760,OWN,7.4,PERSONAL,C,33375,13.24,0,0.147,N,24.0
54,46275,RENT,1.4,EDUCATION,C,25754,15.0,1,0.557,N,30.0
20,97690,RENT,5.7,EDUCATION,A,32153,8.68,0,0.329,N,1.0
54,32147,OTHER,4.2,MEDICAL,C,19344,16.58,1,0.602,Y,30.0
56,48002,RENT,13.2,MEDICAL,C,5979,,0,0.125,N,30.0
66,141843,MORTGAGE,2.4,VENTURE,B,2212,9.98,0,0.016,N,30.0
33,33651,MORTGAGE,0.3,PERSONAL,B,10001,10.1,0,0.297,N,12.0
22,145432,RENT,,EDUCATION,A,14248,7.88,0,0.098,N,3.0
20,74955,RENT,8.8,PERSONAL,A,34187,9.45,0,0.456,N,2.0
24,34979,RENT,3.7,HOMEIMPROVEMENT,A,16608,9.46,1,0.475,N,3.0
45,71642,MORTGAGE,7.5,EDUCATION,A,32368,7.43,0,0.452,N,27.0
33,87862,RENT,1.3,PERSONAL,B,6283,,0,0.072,N,11.0
58,71188,MORTGAGE,2.1,VENTURE,A,26854,6.77,1,0.377,Y,30.0
46,19108,RENT,0.2,VENTURE,A,11715,6.89,0,0.613,N,25.0
28,31688,MORTGAGE,16.3,EDUCATION,D,17165,17.26,1,0.542,N,8.0
34,42255,MORTGAGE,5.5,HOMEIMPROVEMENT,B,27797,12.42,1,0.658,Y,14.0
34,46879,OTHER,13.5,VENTURE,C,11584,12.66,1,0.247,N,13.0
45,71139,RENT,1.5,VENTURE,B,15780,10.79,0,0.222,N,23.0
61,54536,MORTGAGE,4.7,HOMEIMPROVEMENT,C,22573,13.21,0,0.414,N,30.0
32,21999,MORTGAGE,5.7,PERSONAL,A,34359,8.54,1,1.562,N,12.0
51,61581,MORTGAGE,1.9,VENTURE,D,1526,15.53,0,0.025,N,29.0
58,70710,OWN,9.4,MEDICAL,A,8855,5.19,0,0.125,N,30.0
51,68588,RENT,14.7,DEBTCONSOLIDATION,C,30482,14.7,1,0.444,Y,30.0
23,93757,RENT,10.8,DEBTCONSOLIDATION,B,17571,10.14,0,0.187,Y,4.0
49,80850,MORTGAGE,6.7,VENTURE,C,32740,13.26,0,0.405,N,29.0
56,64570,RENT,1.6,PERSONAL,B,20142,11.02,0,0.312,N,30.0
42,46999,MORTGAGE,1.7,PERSONAL,B,26104,10.92,1,0.555,N,24.0
58,18095,OWN,16.5,EDUCATION,A,9625,8.05,0,0.532,N,30.0
64,63434,RENT,0.1,MEDICAL,C,16926,11.54,0,0.267,N,30.0
34,55526,OWN,6.3,PERSONAL,F,32218,21.67,0,0.58,N,14.0
62,57696,RENT,6.1,HOMEIMPROVEMENT,D,27380,13.71,1,0.475,Y,30.0
48,22787,MORTGAGE,4.9,MEDICAL,A,21566,8.42,1,0.946,N,29.0
55,25626,MORTGAGE,23.1,DEBTCONSOLIDATION,B,34205,11.84,1,1.335,N,30.0
32,92216,OWN,1.9,MEDICAL,E,30717,16.86,1,0.333,N,11.0
51,47871,RENT,2.1,HOMEIMPROVEMENT,B,26135,10.89,1,0.546,Y,30.0
26,73784,RENT,0.4,VENTURE,C,29164,14.77,0,0.395,N,4.0
41,49860,MORTGAGE,2.9,HOMEIMPROVEMENT,E,9953,17.96,0,0.2,N,21.0
47,49903,MORTGAGE,1.5,HOMEIMPROVEMENT,D,4574,16.81,0,0.092,N,27.0
21,86074,MORTGAGE,2.1,VENTURE,B,21169,7.16,0,0.246,N,1.0
61,35967,RENT,9.0,VENTURE,B,22604,11.82,1,0.628,N,30.0
64,51931,RENT,13.7,VENTURE,B,25134,10.54,1,0.484,Y,30.0
25,37146,RENT,1.0,VENTURE,C,24202,13.19,1,0.652,N,6.0
47,37771,MORTGAGE,2.3,VENTURE,A,1684,,0,0.045,N,26.0
47,40720,RENT,13.2,HOMEIMPROVEMENT,A,9007,9.58,0,0.221,N,25.0
63,56009,RENT,0.3,EDUCATION,B,10255,11.08,0,0.183,N,30.0
63,36781,OWN,0.5,EDUCATION,A,33262,9.43,1,0.904,N,30.0
39,104136,RENT,0.9,PERSONAL,C,19093,11.64,0,0.183,N,17.0
49,28659,OTHER,4.5,EDUCATION,C,6782,14.3,1,0.237,Y,30.0
30,43821,MORTGAGE,0.8,DEBTCONSOLIDATION,B,2234,10.34,0,0.051,N,8.0
47,37652,MORTGAGE,17.2,EDUCATION,B,32996,9.55,0,0.876,N,28.0
44,116796,RENT,3.0,HOMEIMPROVEMENT,E,30204,16.19,0,0.259,N,24.0
58,55156,RENT,3.5,VENTURE,A,18152,8.23,0,0.329,N,30.0
52,91044,MORTGAGE,1.4,VENTURE,C,26019,14.55,0,0.286,N,30.0
20,20103,MORTGAGE,3.2,HOMEIMPROVEMENT,E,20488,20.11,1,1.019,N,1.0
46,57539,MORTGAGE,5.4,DEBTCONSOLIDATION,B,20689,11.91,1,0.36,N,24.0
32,83598,RENT,7.0,EDUCATION,B,29506,9.57,0,0.353,N,10.0
60,51501,MORTGAGE,7.0,HOMEIMPROVEMENT,E,18715,20.05,1,0.363,N,30.0
22,92900,MORTGAGE,4.3,PERSONAL,A,14765,9.18,0,0.159,N,1.0
58,35940,MORTGAGE,11.7,VENTURE,B,22942,10.19,0,0.638,N,30.0
25,114188,MORTGAGE,8.5,MEDICAL,B,21478,10.53,0,0.188,Y,3.0
27,194724,MORTGAGE,7.1,PERSONAL,A,23551,6.38,0,0.121,N,7.0
46,39430,MORTGAGE,0.3,DEBTCONSOLIDATION,D,29072,17.78,1,0.737,Y,24.0
28,37522,RENT,0.0,PERSONAL,D,3892,14.19,1,0.104,N,7.0
56,117246,RENT,1.2,HOMEIMPROVEMENT,C,34966,14.14,0,0.298,N,30.0
52,126467,RENT,5.4,EDUCATION,A,25395,6.78,0,0.201,N,30.0
61,35820,RENT,2.6,VENTURE,A,19756,6.17,1,0.552,N,30.0
63,38096,RENT,2.6,DEBTCONSOLIDATION,C,23174,11.25,0,0.608,N,30.0
43,41395,RENT,10.8,DEBTCONSOLIDATION,A,1797,7.24,0,0.043,N,21.0
34,21880,RENT,11.3,MEDICAL,C,9209,11.98,1,0.421,N,16.0
51,28248,RENT,12.0,PERSONAL,B,22346,10.57,0,0.791,N,29.0
51,26836,MORTGAGE,1.9,MEDICAL,C,29024,15.62,1,1.082,N,30.0
43,30925,OWN,5.9,EDUCATION,B,30414,10.74,1,0.983,Y,22.0
60,48011,RENT,1.6,EDUCATION,B,6947,12.9,1,0.145,N,30.0
31,56417,OWN,1.1,MEDICAL,A,10617,6.32,0,0.188,N,9.0
58,124280,MORTGAGE,1.0,VENTURE,B,21704,8.96,0,0.175,N,30.0
21,26929,RENT,2.1,EDUCATION,B,29702,9.27,1,1.103,Y,1.0
22,88485,RENT,2.8,MEDICAL,C,2892,13.42,0,0.033,N,1.0
56,43114,MORTGAGE,8.9,PERSONAL,C,30754,16.77,1,0.713,N,30.0
36,47587,MORTGAGE,0.6,MEDICAL,C,4424,11.51,0,0.093,N,17.0
21,73489,MORTGAGE,6.6,MEDICAL,F,14418,21.74,0,0.196,N,1.0
21,24993,RENT,3.8,HOMEIMPROVEMENT,A,30886,,1,1.236,N,1.0
47,61663,RENT,1.7,EDUCATION,A,24057,7.23,0,0.39,N,29.0
42,54169,RENT,3.4,VENTURE,B,5833,8.99,1,0.108,Y,20.0
56,65872,RENT,1.8,VENTURE,C,10894,14.55,1,0.165,Y,30.0
51,58308,RENT,4.5,HOMEIMPROVEMENT,B,1565,10.45,0,0.027,N,30.0
52,213882,RENT,2.8,DEBTCONSOLIDATION,D,19402,17.3,0,0.091,Y,30.0
20,33434,MORTGAGE,0.9,VENTURE,B,11315,10.71,0,0.338,N,1.0
38,35646,OWN,0.6,MEDICAL,E,13834,16.18,1,0.388,Y,16.0
21,33729,RENT,4.0,HOMEIMPROVEMENT,E,3314,19.82,1,0.098,N,1.0
63,35126,OWN,11.6,PERSONAL,A,4883,5.08,0,0.139,N,30.0
45,33441,RENT,2.1,EDUCATION,B,11051,8.26,0,0.33,Y,25.0
51,100048,RENT,6.6,EDUCATION,C,12695,12.4,0,0.127,Y,30.0
25,114955,RENT,5.4,EDUCATION,A,24123,6.42,0,0.21,N,4.0
51,34806,MORTGAGE,,MEDICAL,B,8902,12.18,1,0.256,N,30.0
23,29750,OWN,8.6,PERSONAL,C,18573,13.29,1,0.624,N,4.0
30,65045,MORTGAGE,4.2,HOMEIMPROVEMENT,A,30374,9.0,0,0.467,Y,8.0
36,35195,RENT,5.4,HOMEIMPROVEMENT,C,13288,12.82,1,0.378,N,18.0
57,71665,MORTGAGE,11.4,EDUCATION,C,7884,13.88,1,0.11,N,30.0
43,55367,RENT,2.6,PERSONAL,A,11559,8.07,0,0.209,N,23.0
24,19742,OWN,2.0,PERSONAL,B,19125,11.34,1,0.969,N,6.0
53,124057,MORTGAGE,0.1,PERSONAL,A,4688,,1,0.038,N,30.0
25,143993,RENT,8.8,VENTURE,C,24869,13.05,0,0.173,N,3.0
41,33939,MORTGAGE,8.1,VENTURE,A,5023,7.14,0,0.148,N,23.0
30,38846,MORTGAGE,0.6,EDUCATION,D,18100,14.02,1,0.466,N,10.0
67,58192,RENT,4.3,PERSONAL,B,8423,10.4,0,0.145,N,30.0
35,59914,MORTGAGE,,DEBTCONSOLIDATION,A,13213,7.04,0,0.221,N,13.0
52,72774,RENT,0.6,PERSONAL,B,34158,11.2,0,0.469,N,30.0
28,163754,MORTGAGE,19.7,HOMEIMPROVEMENT,B,29460,10.61,0,0.18,N,8.0
25,44083,MORTGAGE,1.2,HOMEIMPROVEMENT,B,32017,,1,0.726,N,6.0
35,30364,MORTGAGE,0.3,EDUCATION,B,34000,,1,1.12,N,13.0
48,21427,MORTGAGE,4.5,DEBTCONSOLIDATION,B,27502,9.83,1,1.284,N,28.0
22,31616,MORTGAGE,6.7,PERSONAL,A,31990,7.57,0,1.012,N,1.0
39,48056,RENT,0.2,DEBTCONSOLIDATION,A,20515,8.37,1,0.427,N,21.0
55,143879,MORTGAGE,5.4,EDUCATION,C,30991,11.37,0,0.215,N,30.0
38,35933,RENT,3.8,HOMEIMPROVEMENT,B,8634,9.64,0,0.24,N,17.0
45,56065,RENT,,HOMEIMPROVEMENT,B,12498,9.67,0,0.223,N,25.0
22,48540,RENT,0.9,VENTURE,D,11916,16.49,1,0.245,Y,2.0
38,100011,RENT,4.2,EDUCATION,B,30377,11.13,1,0.304,N,16.0
39,223274,MORTGAGE,1.8,EDUCATION,C,34001,13.62,0,0.152,Y,19.0
51,35649,RENT,13.9,PERSONAL,B,2391,7.53,0,0.067,N,29.0
26,36546,MORTGAGE,8.5,PERSONAL,A,15184,5.52,0,0.415,N,6.0
60,91720,RENT,20.5,VENTURE,E,28114,18.21,1,0.307,Y,30.0
52,73801,RENT,1.5,MEDICAL,B,12882,9.9,0,0.175,N,30.0
59,148453,MORTGAGE,17.5,DEBTCONSOLIDATION,C,18273,13.51,0,0.123,N,30.0
58,69588,RENT,2.8,MEDICAL,A,18129,6.94,0,0.261,N,30.0
37,39514,RENT,2.1,MEDICAL,C,1427,15.34,1,0.036,Y,18.0
59,69870,MORTGAGE,0.3,EDUCATION,D,32416,13.25,0,0.464,N,30.0
20,95341,RENT,0.3,DEBTCONSOLIDATION,A,1731,7.86,0,0.018,N,1.0
30,80200,MORTGAGE,5.9,EDUCATION,D,1799,16.99,1,0.022,N,11.0
47,66460,RENT,3.1,DEBTCONSOLIDATION,B,29873,11.34,0,0.449,N,29.0
44,92967,RENT,1.3,HOMEIMPROVEMENT,C,8025,14.44,1,0.086,N,23.0
42,98871,MORTGAGE,4.8,EDUCATION,B,15481,11.62,1,0.157,N,24.0
50,112341,RENT,1.5,EDUCATION,D,26411,15.28,1,0.235,Y,30.0
49,72346,RENT,4.3,EDUCATION,A,32358,6.18,0,0.447,N,29.0
61,44343,RENT,2.2,VENTURE,A,15961,5.06,0,0.36,N,30.0
54,53531,RENT,8.7,EDUCATION,D,22767,15.56,1,0.425,N,30.0
26,101104,MORTGAGE,8.6,PERSONAL,C,22392,12.57,0,0.221,N,5.0
35,30026,RENT,3.2,PERSONAL,A,14262,8.89,1,0.475,N,16.0
45,61157,MORTGAGE,2.2,DEBTCONSOLIDATION,B,6229,10.15,0,0.102,N,27.0
67,38715,OWN,2.3,HOMEIMPROVEMENT,B,24772,9.26,1,0.64,N,30.0
21,49873,RENT,8.2,VENTURE,B,19799,9.07,0,0.397,N,3.0
20,105563,OWN,2.0,DEBTCONSOLIDATION,A,24555,9.89,0,0.233,N,2.0
67,54976,RENT,1.2,PERSONAL,C,27616,13.47,1,0.502,N,30.0
31,50405,OWN,0.4,VENTURE,A,20333,6.56,1,0.403,N,10.0
24,21678,RENT,3.1,VENTURE,C,5261,13.65,1,0.243,N,3.0
56,76707,MORTGAGE,3.3,HOMEIMPROVEMENT,D,4466,18.28,0,0.058,N,30.0
51,72206,RENT,9.2,VENTURE,B,4088,10.03,0,0.057,N,30.0
28,179504,RENT,1.3,EDUCATION,A,2115,8.32,0,0.012,Y,8.0
60,40754,MORTGAGE,2.4,VENTURE,A,5578,8.92,0,0.137,N,30.0
54,55909,MORTGAGE,8.3,HOMEIMPROVEMENT,B,3590,8.23,0,0.064,N,30.0
38,56932,RENT,8.7,DEBTCONSOLIDATION,C,8372,12.73,0,0.147,N,19.0
67,126307,RENT,,HOMEIMPROVEMENT,B,4573,11.77,0,0.036,Y,30.0
35,46296,MORTGAGE,3.1,HOMEIMPROVEMENT,C,3978,12.66,0,0.086,N,13.0
22,57954,MORTGAGE,1.8,PERSONAL,B,10422,11.0,0,0.18,Y,4.0
39,70596,OWN,13.5,EDUCATION,B,24697,9.59,0,0.35,N,18.0
43,54828,MORTGAGE,0.6,PERSONAL,A,31820,6.97,0,0.58,Y,21.0
52,37501,OWN,13.6,DEBTCONSOLIDATION,A,5925,6.82,0,0.158,N,30.0
43,55075,MORTGAGE,5.8,MEDICAL,A,30430,8.26,0,0.553,N,22.0
30,93356,RENT,3.8,DEBTCONSOLIDATION,B,29834,10.74,0,0.32,N,9.0
27,26478,RENT,0.2,EDUCATION,D,25435,16.12,1,0.961,Y,8.0
55,53092,MORTGAGE,3.2,VENTURE,C,22676,16.51,0,0.427,N,30.0
57,32206,MORTGAGE,2.6,HOMEIMPROVEMENT,A,20814,9.59,0,0.646,N,30.0
59,100411,RENT,0.9,MEDICAL,A,15716,,0,0.157,N,30.0
39,19655,RENT,5.3,EDUCATION,A,28528,6.97,1,1.451,N,18.0
54,35054,OWN,17.7,PERSONAL,B,2995,13.41,1,0.085,N,30.0
67,61471,MORTGAGE,4.1,HOMEIMPROVEMENT,B,23414,9.81,0,0.381,N,30.0
44,125406,RENT,,DEBTCONSOLIDATION,B,14844,13.01,0,0.118,N,26.0
54,47124,RENT,0.4,PERSONAL,A,16522,6.99,0,0.351,Y,30.0
44,35132,RENT,2.7,EDUCATION,A,9498,7.22,0,0.27,N,22.0
48,151553,RENT,0.6,EDUCATION,A,3102,8.54,0,0.02,N,30.0
37,20561,RENT,4.7,DEBTCONSOLIDATION,A,9524,7.39,1,0.463,N,15.0
65,15000,RENT,13.9,MEDICAL,C,31846,14.09,1,2.123,Y,30.0
37,63831,MORTGAGE,5.4,DEBTCONSOLIDATION,A,9107,9.39,0,0.143,N,18.0
21,36270,RENT,0.4,VENTURE,B,19268,11.41,1,0.531,N,1.0
54,26562,MORTGAGE,2.2,PERSONAL,B,25399,10.67,1,0.956,Y,30.0
35,74982,MORTGAGE,4.0,MEDICAL,D,10624,18.01,0,0.142,N,14.0
60,56742,RENT,2.6,HOMEIMPROVEMENT,D,28126,17.05,1,0.496,N,30.0
55,34945,MORTGAGE,9.0,VENTURE,C,24131,12.62,0,0.691,N,30.0
52,22738,RENT,8.4,MEDICAL,A,21714,9.88,1,0.955,Y,30.0
23,82741,OWN,4.7,PERSONAL,B,19570,11.27,0,0.237,N,1.0
52,72411,RENT,2.3,EDUCATION,C,13482,13.24,0,0.186,N,30.0
33,46188,MORTGAGE,1.5,HOMEIMPROVEMENT,A,34414,5.08,0,0.745,N,15.0
40,148446,MORTGAGE,0.6,DEBTCONSOLIDATION,B,22040,8.85,0,0.148,N,18.0
67,25795,RENT,2.2,PERSONAL,D,14407,18.04,1,0.559,Y,30.0
39,19627,RENT,2.7,VENTURE,B,34305,12.59,1,1.748,N,21.0
27,32365,MORTGAGE,5.6,VENTURE,A,15166,7.6,0,0.469,N,9.0
26,47698,MORTGAGE,5.4,EDUCATION,A,7572,5.38,0,0.159,Y,7.0
22,56726,RENT,0.4,EDUCATION,B,34002,9.2,0,0.599,N,3.0
36,42415,MORTGAGE,2.5,HOMEIMPROVEMENT,A,27972,5.55,0,0.659,N,17.0
52,60550,RENT,1.0,DEBTCONSOLIDATION,C,23923,11.51,0,0.395,Y,30.0
67,23134,MORTGAGE,0.9,HOMEIMPROVEMENT,C,2909,15.93,0,0.126,N,30.0
31,116571,RENT,8.8,EDUCATION,A,33848,9.97,0,0.29,N,13.0
41,46663,OWN,0.2,EDUCATION,D,3083,14.65,0,0.066,N,19.0
41,95834,RENT,2.7,VENTURE,B,18140,,0,0.189,N,19.0
65,60212,RENT,0.9,EDUCATION,A,3670,5.96,0,0.061,Y,30.0
49,64476,RENT,10.6,MEDICAL,C,15691,13.48,0,0.243,N,30.0
57,68999,RENT,4.1,PERSONAL,C,26595,,0,0.385,N,30.0
57,64127,MORTGAGE,,EDUCATION,C,34440,14.79,1,0.537,N,30.0
64,72087,RENT,3.5,HOMEIMPROVEMENT,D,9630,16.97,0,0.134,N,30.0
27,108824,MORTGAGE,,DEBTCONSOLIDATION,C,32250,13.27,0,0.296,N,9.0
46,55155,RENT,15.9,DEBTCONSOLIDATION,D,29798,17.51,1,0.54,N,24.0
46,75011,RENT,1.2,DEBTCONSOLIDATION,B,34212,11.28,0,0.456,Y,28.0
53,46451,RENT,10.9,MEDICAL,C,12982,13.98,0,0.279,N,30.0
40,116316,RENT,13.6,HOMEIMPROVEMENT,G,9655,23.36,1,0.083,N,21.0
49,32668,RENT,12.4,MEDICAL,C,19582,13.88,0,0.599,N,29.0
52,144432,RENT,5.0,EDUCATION,A,5008,7.85,0,0.035,N,30.0
47,47853,RENT,5.0,PERSONAL,B,1496,,0,0.031,N,27.0
66,20775,RENT,2.6,DEBTCONSOLIDATION,B,24212,9.57,1,1.165,N,30.0
52,52937,MORTGAGE,7.0,HOMEIMPROVEMENT,A,21637,6.3,0,0.409,N,30.0
24,32577,MORTGAGE,3.8,DEBTCONSOLIDATION,F,17877,19.88,1,0.549,N,5.0
67,81176,RENT,5.7,MEDICAL,A,18810,7.27,0,0.232,N,30.0
38,33137,RENT,2.8,VENTURE,A,10884,7.08,1,0.328,Y,19.0
23,37507,OWN,6.6,EDUCATION,E,3723,17.76,0,0.099,N,3.0
54,15776,MORTGAGE,,PERSONAL,B,5761,9.67,0,0.365,N,30.0
36,37369,MORTGAGE,0.8,EDUCATION,A,8630,7.85,0,0.231,N,14.0
63,15000,RENT,8.9,VENTURE,B,17375,12.15,1,1.158,N,30.0
47,18951,MORTGAGE,3.9,PERSONAL,C,26218,13.49,1,1.383,N,25.0
49,77361,MORTGAGE,9.3,VENTURE,A,31565,7.41,0,0.408,N,28.0
48,78549,MORTGAGE,2.8,EDUCATION,F,33975,19.88,0,0.433,N,26.0
65,63276,OWN,2.4,MEDICAL,B,28073,10.23,0,0.444,N,30.0
25,27441,RENT,,EDUCATION,B,5190,11.93,0,0.189,N,7.0
54,47637,RENT,1.4,EDUCATION,B,2883,11.74,0,0.061,N,30.0
60,48914,MORTGAGE,9.3,EDUCATION,C,3886,14.66,0,0.079,N,30.0
56,24464,MORTGAGE,3.3,HOMEIMPROVEMENT,A,9953,8.62,1,0.407,N,30.0
43,120817,RENT,3.6,VENTURE,A,9381,8.02,0,0.078,N,21.0
48,82985,RENT,1.8,VENTURE,B,24238,10.98,1,0.292,N,29.0
65,42934,RENT,4.3,DEBTCONSOLIDATION,D,14795,16.29,1,0.345,N,30.0
50,49817,RENT,2.0,VENTURE,A,31428,7.0,1,0.631,N,28.0
54,55549,MORTGAGE,0.2,DEBTCONSOLIDATION,C,10638,13.6,0,0.192,N,30.0
52,15000,MORTGAGE,1.6,HOMEIMPROVEMENT,D,5931,16.26,0,0.395,N,30.0
40,42264,RENT,0.0,MEDICAL,A,27411,8.26,1,0.649,N,19.0
51,32559,RENT,,DEBTCONSOLIDATION,A,21534,7.62,1,0.661,Y,30.0
42,26877,RENT,16.9,EDUCATION,B,30181,13.03,1,1.123,N,20.0
52,41412,RENT,2.5,MEDICAL,B,20996,9.05,0,0.507,N,30.0
22,144150,MORTGAGE,6.5,HOMEIMPROVEMENT,A,7553,8.41,0,0.052,Y,3.0
37,72006,OWN,2.1,VENTURE,B,19073,10.45,0,0.265,N,15.0
44,34797,MORTGAGE,5.6,DEBTCONSOLIDATION,B,8130,10.5,0,0.234,N,24.0
61,69116,RENT,8.2,EDUCATION,B,30405,9.52,0,0.44,N,30.0
50,113506,OWN,14.7,PERSONAL,A,6789,8.72,0,0.06,N,30.0
22,85372,MORTGAGE,2.6,PERSONAL,B,29930,11.28,0,0.351,N,1.0
59,50806,MORTGAGE,7.6,MEDICAL,C,18529,14.5,1,0.365,N,30.0
65,33250,RENT,1.5,VENTURE,E,8942,18.7,1,0.269,N,30.0
43,74528,RENT,23.2,PERSONAL,D,8548,15.61,0,0.115,N,22.0
51,62074,RENT,0.1,MEDICAL,B,19296,10.42,0,0.311,N,30.0
66,83877,RENT,4.6,HOMEIMPROVEMENT,B,33244,11.02,0,0.396,N,30.0
41,71761,RENT,5.4,MEDICAL,B,1296,8.09,0,0.018,N,20.0
42,92017,RENT,5.8,MEDICAL,A,3409,8.55,0,0.037,N,23.0
21,35555,RENT,0.6,MEDICAL,A,31846,10.41,1,0.896,N,1.0
46,108059,MORTGAGE,13.9,EDUCATION,C,28167,14.08,0,0.261,N,28.0
61,55191,RENT,1.0,MEDICAL,A,29991,7.16,0,0.543,N,30.0
21,170272,RENT,4.9,DEBTCONSOLIDATION,A,18801,7.31,0,0.11,N,2.0
45,32418,OWN,1.3,MEDICAL,G,8358,24.35,1,0.258,Y,24.0
36,138909,OWN,1.8,EDUCATION,A,23588,7.19,0,0.17,N,18.0
59,55201,MORTGAGE,4.0,EDUCATION,A,18671,8.54,1,0.338,N,30.0
52,33161,OTHER,2.7,HOMEIMPROVEMENT,A,18502,7.29,0,0.558,N,30.0
28,36668,MORTGAGE,0.9,VENTURE,B,26128,12.56,0,0.713,N,9.0
62,40448,OWN,0.9,PERSONAL,C,32645,15.52,1,0.807,N,30.0
67,63227,RENT,2.7,PERSONAL,B,8637,10.1,1,0.137,Y,30.0
58,67084,RENT,7.1,MEDICAL,B,1660,10.4,0,0.025,N,30.0
48,34744,RENT,11.4,HOMEIMPROVEMENT,C,7922,,0,0.228,Y,30.0
61,48309,RENT,0.4,MEDICAL,D,29161,15.99,1,0.604,N,30.0
45,177258,RENT,2.5,PERSONAL,F,4970,19.86,0,0.028,N,26.0
54,138209,MORTGAGE,0.5,EDUCATION,D,4407,14.7,0,0.032,N,30.0
44,63690,MORTGAGE,0.1,VENTURE,B,28843,12.0,1,0.453,N,25.0
43,50151,MORTGAGE,5.4,HOMEIMPROVEMENT,A,10046,8.81,0,0.2,N,24.0
32,52681,RENT,4.6,EDUCATION,A,24800,8.79,1,0.471,N,12.0
26,70835,MORTGAGE,0.9,VENTURE,A,15547,,0,0.219,N,6.0
55,26537,MORTGAGE,1.3,HOMEIMPROVEMENT,C,32389,15.77,1,1.221,N,30.0
64,42006,RENT,0.1,HOMEIMPROVEMENT,D,31346,15.97,1,0.746,N,30.0
39,18013,MORTGAGE,9.0,PERSONAL,B,23748,11.54,1,1.318,N,19.0
20,62288,RENT,18.4,EDUCATION,A,26848,5.83,1,0.431,Y,1.0
27,72281,RENT,,HOMEIMPROVEMENT,B,8607,10.22,0,0.119,N,6.0
65,36683,OWN,1.3,DEBTCONSOLIDATION,E,34583,18.31,1,0.943,N,30.0
35,126044,RENT,10.1,HOMEIMPROVEMENT,B,13563,10.42,0,0.108,Y,13.0
33,23494,RENT,13.0,VENTURE,D,34690,14.41,1,1.477,N,14.0
31,20360,OWN,2.7,PERSONAL,D,30176,16.84,1,1.482,N,13.0
42,56087,MORTGAGE,0.3,MEDICAL,E,15925,19.73,0,0.284,N,22.0
34,91881,RENT,0.2,PERSONAL,C,22251,12.61,0,0.242,N,14.0
47,134639,RENT,4.3,MEDICAL,C,18648,12.12,0,0.139,N,25.0
53,37222,RENT,2.5,EDUCATION,A,21108,6.58,0,0.567,N,30.0
21,93639,MORTGAGE,0.1,EDUCATION,A,11979,8.09,0,0.128,N,1.0
51,47901,RENT,4.4,HOMEIMPROVEMENT,B,3722,9.78,0,0.078,N,30.0
42,44197,RENT,0.1,DEBTCONSOLIDATION,A,6355,7.34,0,0.144,Y,21.0
41,83299,OWN,7.7,EDUCATION,F,29799,19.71,0,0.358,N,23.0
44,72503,MORTGAGE,1.8,HOMEIMPROVEMENT,A,33705,9.88,0,0.465,N,22.0
41,19037,RENT,0.2,PERSONAL,D,24070,16.09,1,1.264,N,23.0
41,118886,MORTGAGE,4.4,EDUCATION,B,12284,11.88,0,0.103,N,19.0
61,112201,MORTGAGE,2.5,PERSONAL,B,22737,11.09,0,0.203,Y,30.0
25,33680,RENT,18.2,PERSONAL,E,24241,18.45,1,0.72,N,4.0
34,62160,RENT,3.9,DEBTCONSOLIDATION,B,28414,10.39,1,0.457,Y,16.0
62,65934,MORTGAGE,1.6,EDUCATION,B,21895,9.63,0,0.332,N,30.0
56,57319,RENT,6.2,PERSONAL,A,27771,6.96,0,0.484,N,30.0
52,35235,MORTGAGE,1.6,DEBTCONSOLIDATION,C,2384,12.29,0,0.068,Y,30.0
27,32762,RENT,11.7,DEBTCONSOLIDATION,A,23689,6.16,1,0.723,Y,7.0
63,48274,RENT,2.3,EDUCATION,B,28475,13.0,1,0.59,Y,30.0
63,99075,RENT,4.0,DEBTCONSOLIDATION,B,9252,10.83,0,0.093,N,30.0
24,67925,RENT,0.3,EDUCATION,C,31844,15.26,1,0.469,N,6.0
58,39247,RENT,2.8,EDUCATION,C,31151,12.55,1,0.794,N,30.0
23,77887,RENT,8.9,MEDICAL,B,24365,9.0,0,0.313,Y,4.0
25,15000,MORTGAGE,8.2,PERSONAL,B,7026,9.33,1,0.468,N,6.0
64,97661,OTHER,1.3,VENTURE,D,33767,15.49,0,0.346,N,30.0
51,17260,MORTGAGE,1.3,EDUCATION,B,29523,10.54,1,1.71,N,30.0
49,39439,MORTGAGE,8.5,PERSONAL,B,11482,10.32,0,0.291,N,30.0
66,25039,RENT,13.3,DEBTCONSOLIDATION,B,26108,9.57,1,1.043,N,30.0
54,22543,OWN,0.5,HOMEIMPROVEMENT,D,1493,16.11,0,0.066,N,30.0
59,98370,RENT,3.0,EDUCATION,B,17465,10.71,0,0.178,N,30.0
35,37026,OWN,2.1,DEBTCONSOLIDATION,B,30550,11.34,0,0.825,N,14.0
32,60349,OTHER,10.2,DEBTCONSOLIDATION,C,14833,15.26,0,0.246,N,12.0
61,47659,MORTGAGE,0.4,DEBTCONSOLIDATION,C,3970,13.06,0,0.083,N,30.0
49,65265,OTHER,1.2,DEBTCONSOLIDATION,A,33779,8.96,0,0.518,N,27.0
38,51333,MORTGAGE,7.0,DEBTCONSOLIDATION,B,30958,10.58,0,0.603,N,18.0
36,22701,RENT,0.3,EDUCATION,C,18145,11.67,1,0.799,N,14.0
38,89121,RENT,3.4,VENTURE,G,2806,25.0,0,0.031,N,18.0
47,36451,MORTGAGE,2.9,MEDICAL,C,6664,16.23,1,0.183,N,27.0
45,19265,RENT,2.0,DEBTCONSOLIDATION,B,29900,11.24,1,1.552,N,23.0
56,37916,MORTGAGE,2.5,DEBTCONSOLIDATION,A,15126,7.61,0,0.399,N,30.0
45,120626,OTHER,3.8,MEDICAL,D,6154,15.67,0,0.051,N,26.0
42,81644,RENT,0.9,EDUCATION,D,23208,15.44,1,0.284,N,24.0
28,39767,MORTGAGE,4.2,PERSONAL,A,14767,8.95,1,0.371,Y,10.0
31,39753,OWN,8.2,HOMEIMPROVEMENT,A,21043,7.48,0,0.529,N,12.0
20,40417,OWN,7.1,HOMEIMPROVEMENT,C,2525,15.51,0,0.062,N,1.0
20,170424,OWN,0.8,PERSONAL,B,34528,10.54,0,0.203,Y,2.0
66,61645,MORTGAGE,0.8,EDUCATION,B,17978,10.01,0,0.292,N,30.0
53,63451,OWN,1.6,HOMEIMPROVEMENT,A,2055,6.78,1,0.032,Y,30.0
51,90959,MORTGAGE,2.2,MEDICAL,A,11046,6.61,0,0.121,N,30.0
67,56572,RENT,2.6,PERSONAL,B,16678,11.12,1,0.295,Y,30.0
44,41964,RENT,5.7,VENTURE,C,27624,11.95,1,0.658,Y,22.0
59,43572,MORTGAGE,,EDUCATION,B,6255,9.52,0,0.144,N,30.0
64,46959,RENT,0.2,PERSONAL,B,10411,12.09,1,0.222,N,30.0
20,47938,MORTGAGE,2.5,HOMEIMPROVEMENT,A,34971,6.35,0,0.73,N,2.0
35,75854,MORTGAGE,6.0,EDUCATION,B,32235,11.54,0,0.425,N,13.0
58,50572,RENT,1.1,MEDICAL,A,20194,5.02,1,0.399,N,30.0
24,76083,MORTGAGE,5.1,EDUCATION,B,20476,12.24,0,0.269,N,5.0
41,46703,MORTGAGE,1.5,EDUCATION,C,4044,11.98,0,0.087,N,19.0
48,51389,RENT,10.9,MEDICAL,A,22057,6.45,0,0.429,N,29.0
22,15000,RENT,11.3,DEBTCONSOLIDATION,A,4514,8.32,1,0.301,Y,4.0
31,84948,RENT,1.8,MEDICAL,A,10990,7.82,0,0.129,N,9.0
45,60348,RENT,1.3,EDUCATION,B,8507,11.57,0,0.141,N,24.0
35,89215,OWN,,MEDICAL,D,5857,14.47,0,0.066,N,15.0
56,15000,RENT,1.4,DEBTCONSOLIDATION,A,13118,7.16,1,0.875,N,30.0
41,171617,MORTGAGE,5.6,PERSONAL,E,4146,17.76,1,0.024,N,19.0
48,45082,RENT,8.7,MEDICAL,A,27401,6.17,0,0.608,N,26.0
33,95311,RENT,5.6,MEDICAL,D,27177,16.72,1,0.285,N,11.0
47,26266,MORTGAGE,8.7,EDUCATION,B,5414,11.63,1,0.206,N,26.0
24,70803,MORTGAGE,2.5,PERSONAL,C,18494,13.1,0,0.261,Y,3.0
66,26054,RENT,0.8,VENTURE,B,21437,12.33,0,0.823,Y,30.0
49,33716,RENT,6.7,VENTURE,B,4937,9.56,0,0.146,N,28.0
65,154572,RENT,2.2,HOMEIMPROVEMENT,D,22326,17.8,0,0.144,N,30.0
24,43721,RENT,5.6,MEDICAL,C,9974,14.17,0,0.228,N,6.0
31,55851,MORTGAGE,1.6,MEDICAL,B,18500,9.03,0,0.331,N,13.0
35,82622,RENT,0.4,PERSONAL,A,2750,9.88,0,0.033,Y,16.0
45,65999,RENT,24.5,DEBTCONSOLIDATION,A,5027,6.97,0,0.076,N,25.0
45,53650,RENT,0.8,VENTURE,D,6745,17.45,1,0.126,N,27.0
67,61021,OWN,22.3,HOMEIMPROVEMENT,B,22448,10.67,0,0.368,Y,30.0
40,207326,OTHER,18.9,PERSONAL,B,29451,10.95,0,0.142,N,20.0
58,47355,RENT,7.9,MEDICAL,C,29207,14.58,1,0.617,Y,30.0
55,55307,MORTGAGE,5.4,VENTURE,D,6938,,0,0.125,N,30.0
52,92078,RENT,4.3,HOMEIMPROVEMENT,C,13150,13.09,1,0.143,N,30.0
49,95160,RENT,10.1,EDUCATION,C,14406,14.14,0,0.151,N,30.0
56,99929,MORTGAGE,1.7,VENTURE,C,20781,14.05,0,0.208,N,30.0
42,71914,OWN,3.2,HOMEIMPROVEMENT,B,19325,10.76,0,0.269,N,23.0
29,24691,OWN,4.8,PERSONAL,A,4148,7.26,0,0.168,N,7.0
24,130621,MORTGAGE,2.6,EDUCATION,D,29879,16.25,1,0.229,N,2.0
55,24641,RENT,2.8,HOMEIMPROVEMENT,B,8933,12.86,1,0.363,Y,30.0
53,58781,MORTGAGE,2.0,HOMEIMPROVEMENT,E,10436,18.15,0,0.178,N,30.0
50,31176,RENT,4.2,MEDICAL,A,18669,8.95,1,0.599,N,29.0
29,47170,MORTGAGE,9.5,DEBTCONSOLIDATION,A,7474,6.76,0,0.158,N,8.0
38,59710,RENT,1.1,VENTURE,E,12228,17.44,0,0.205,N,16.0
51,59445,MORTGAGE,13.6,MEDICAL,C,34538,,1,0.581,N,29.0
20,63142,RENT,5.8,EDUCATION,B,2843,11.15,0,0.045,N,2.0
24,129085,RENT,8.7,DEBTCONSOLIDATION,C,1073,14.18,0,0.008,N,6.0
64,64351,OWN,,HOMEIMPROVEMENT,C,17059,14.21,0,0.265,N,30.0
23,42340,RENT,7.6,MEDICAL,B,21733,12.19,1,0.513,N,3.0
35,87417,MORTGAGE,0.1,DEBTCONSOLIDATION,A,26395,7.99,0,0.302,N,15.0
43,100075,RENT,8.5,VENTURE,D,21202,16.98,1,0.212,N,24.0
35,23468,RENT,,EDUCATION,D,14273,14.73,1,0.608,Y,14.0
21,70153,RENT,11.0,PERSONAL,A,34099,,0,0.486,Y,2.0
47,74660,RENT,24.1,MEDICAL,D,8512,15.72,0,0.114,N,25.0
51,41005,MORTGAGE,1.7,EDUCATION,D,29231,16.81,1,0.713,N,30.0
46,111907,RENT,1.2,PERSONAL,B,24274,8.44,0,0.217,N,24.0
39,44800,OWN,7.2,MEDICAL,C,23409,14.26,0,0.523,N,17.0
43,52857,MORTGAGE,1.5,EDUCATION,B,6113,7.81,0,0.116,Y,25.0
31,44185,RENT,10.0,EDUCATION,A,3881,7.17,0,0.088,N,9.0
54,49481,MORTGAGE,0.5,DEBTCONSOLIDATION,C,20249,11.45,0,0.409,N,30.0
52,25393,MORTGAGE,0.7,MEDICAL,D,13714,16.76,1,0.54,Y,30.0
52,20660,MORTGAGE,19.4,EDUCATION,C,9656,13.58,0,0.467,N,30.0
62,127606,RENT,5.6,HOMEIMPROVEMENT,B,6741,9.58,0,0.053,N,30.0
56,29490,RENT,9.4,MEDICAL,A,17661,9.22,1,0.599,N,30.0
31,27042,OWN,2.0,EDUCATION,A,32555,6.42,1,1.204,N,10.0
22,15000,OWN,5.6,DEBTCONSOLIDATION,B,29690,6.86,1,1.979,N,2.0
20,33410,OWN,4.5,PERSONAL,A,33833,8.12,1,1.013,N,1.0
52,22162,RENT,4.6,PERSONAL,B,6704,8.38,0,0.302,N,30.0
59,131295,MORTGAGE,5.7,HOMEIMPROVEMENT,B,13175,9.46,0,0.1,N,30.0
29,89849,RENT,4.3,MEDICAL,C,13696,12.88,0,0.152,N,11.0
62,32438,RENT,2.8,DEBTCONSOLIDATION,B,29054,8.79,1,0.896,N,30.0
63,189370,RENT,1.6,EDUCATION,B,22076,9.91,0,0.117,N,30.0
48,88349,MORTGAGE,7.3,EDUCATION,B,15986,8.81,0,0.181,N,29.0
32,40340,RENT,1.3,PERSONAL,A,15440,7.69,0,0.383,N,12.0
31,15000,RENT,5.9,DEBTCONSOLIDATION,A,8960,6.03,0,0.597,N,9.0
50,193796,MORTGAGE,1.3,HOMEIMPROVEMENT,A,23462,7.54,0,0.121,N,30.0
65,21295,RENT,4.9,PERSONAL,D,18821,17.39,1,0.884,N,30.0
21,18265,RENT,6.9,PERSONAL,A,28258,8.44,1,1.547,N,1.0
54,90539,RENT,1.2,HOMEIMPROVEMENT,C,28353,13.4,0,0.313,N,30.0
42,211896,OWN,0.3,MEDICAL,F,24416,19.81,0,0.115,N,23.0
36,112483,MORTGAGE,0.7,EDUCATION,C,23115,13.69,0,0.205,N,15.0
45,68757,RENT,4.7,MEDICAL,A,25968,6.67,0,0.378,N,27.0
27,70042,MORTGAGE,9.5,DEBTCONSOLIDATION,E,23731,,0,0.339,N,5.0
48,81801,MORTGAGE,0.2,VENTURE,A,23785,5.44,0,0.291,Y,26.0
45,77292,RENT,6.6,VENTURE,B,14828,11.47,0,0.192,N,25.0
29,58029,MORTGAGE,2.1,VENTURE,D,5541,16.04,1,0.095,Y,8.0
45,52183,MORTGAGE,3.3,HOMEIMPROVEMENT,C,14311,16.15,0,0.274,N,23.0
53,47213,MORTGAGE,13.2,PERSONAL,B,31531,12.07,1,0.668,N,30.0
60,31182,RENT,2.0,MEDICAL,A,15588,8.18,1,0.5,N,30.0
26,41423,MORTGAGE,3.1,EDUCATION,B,13380,10.35,0,0.323,N,6.0
23,17751,MORTGAGE,0.1,VENTURE,B,18818,9.62,1,1.06,N,4.0
64,46212,RENT,0.4,MEDICAL,B,31857,11.63,0,0.689,N,30.0
30,27087,RENT,1.5,VENTURE,F,22711,20.72,1,0.838,Y,9.0
48,25281,RENT,0.1,VENTURE,E,6097,19.9,1,0.241,N,27.0
55,54608,RENT,5.0,EDUCATION,D,29393,16.48,0,0.538,N,30.0
44,113006,MORTGAGE,2.8,DEBTCONSOLIDATION,B,23076,10.99,1,0.204,Y,23.0
40,85049,RENT,4.0,DEBTCONSOLIDATION,C,19738,14.21,0,0.232,Y,21.0
55,19104,RENT,1.0,DEBTCONSOLIDATION,E,30317,17.4,1,1.587,Y,30.0
29,27071,MORTGAGE,,HOMEIMPROVEMENT,D,8044,14.77,0,0.297,N,8.0
56,86203,RENT,5.5,PERSONAL,B,6497,9.23,0,0.075,N,30.0
28,27187,OWN,16.8,HOMEIMPROVEMENT,A,14751,8.76,0,0.543,N,9.0
43,42839,RENT,0.3,MEDICAL,A,30882,6.37,0,0.721,N,22.0
54,68188,RENT,11.1,HOMEIMPROVEMENT,B,23449,9.51,1,0.344,Y,30.0
54,27419,RENT,4.3,MEDICAL,C,34402,,1,1.255,N,30.0
67,52220,RENT,4.1,MEDICAL,D,33543,15.7,1,0.642,N,30.0
55,22017,RENT,3.5,PERSONAL,A,30362,7.04,1,1.379,Y,30.0
37,34172,MORTGAGE,0.4,EDUCATION,A,28315,6.94,0,0.829,N,16.0
58,59389,OWN,0.5,PERSONAL,B,28746,7.71,1,0.484,Y,30.0
51,18848,RENT,4.6,DEBTCONSOLIDATION,B,11057,9.34,1,0.587,N,30.0
43,63849,MORTGAGE,2.1,DEBTCONSOLIDATION,A,22061,8.92,1,0.346,N,23.0
42,48446,MORTGAGE,12.5,HOMEIMPROVEMENT,C,12322,12.85,0,0.254,N,23.0
51,68288,MORTGAGE,2.6,MEDICAL,B,5276,8.22,0,0.077,N,30.0
56,56069,RENT,0.8,VENTURE,C,13306,12.29,0,0.237,N,30.0
31,111133,RENT,6.3,VENTURE,B,28742,10.93,1,0.259,Y,9.0
32,52845,RENT,1.7,MEDICAL,B,32600,10.91,1,0.617,Y,11.0
42,37886,MORTGAGE,3.7,PERSONAL,B,18629,10.15,1,0.492,N,23.0
44,52753,MORTGAGE,6.0,EDUCATION,D,9245,15.17,0,0.175,N,26.0
54,67912,RENT,11.5,PERSONAL,A,32414,5.82,0,0.477,Y,30.0
60,50479,RENT,7.9,MEDICAL,D,31098,16.44,1,0.616,N,30.0
49,50229,OWN,5.6,MEDICAL,B,11588,11.51,0,0.231,N,28.0
36,32170,MORTGAGE,5.7,EDUCATION,D,1442,17.55,1,0.045,N,16.0
39,32933,OTHER,14.6,HOMEIMPROVEMENT,D,12803,14.67,0,0.389,Y,21.0
67,21129,MORTGAGE,1.8,HOMEIMPROVEMENT,B,11599,12.14,0,0.549,N,30.0
44,140048,RENT,0.0,EDUCATION,C,8058,13.43,0,0.058,N,26.0
41,23241,MORTGAGE,1.6,HOMEIMPROVEMENT,A,18206,7.53,0,0.783,N,19.0
32,32346,MORTGAGE,1.2,VENTURE,D,12894,17.07,0,0.399,N,13.0
38,31855,RENT,5.4,HOMEIMPROVEMENT,B,3939,,1,0.124,Y,17.0
55,83864,MORTGAGE,5.0,HOMEIMPROVEMENT,B,23149,7.9,0,0.276,Y,30.0
31,41069,MORTGAGE,4.5,HOMEIMPROVEMENT,C,2031,14.35,0,0.049,N,11.0
60,103636,RENT,0.1,VENTURE,D,11208,16.42,1,0.108,N,30.0
38,32725,MORTGAGE,6.5,HOMEIMPROVEMENT,A,1562,7.07,1,0.048,Y,20.0
31,57953,MORTGAGE,2.0,DEBTCONSOLIDATION,C,21951,14.25,1,0.379,N,11.0
28,29696,OWN,5.5,VENTURE,B,29351,11.49,1,0.988,N,8.0
26,177564,RENT,4.1,EDUCATION,B,19680,8.69,0,0.111,Y,6.0
47,24039,RENT,2.1,PERSONAL,C,22586,13.53,1,0.94,N,27.0
33,59035,MORTGAGE,0.7,EDUCATION,B,10308,7.77,0,0.175,N,15.0
50,71701,RENT,0.5,PERSONAL,B,10609,10.35,0,0.148,N,30.0
38,62835,MORTGAGE,8.9,EDUCATION,D,30495,15.55,0,0.485,N,16.0
66,43863,MORTGAGE,12.5,DEBTCONSOLIDATION,A,18675,8.09,0,0.426,N,30.0
35,45347,RENT,5.2,PERSONAL,C,29064,12.21,0,0.641,N,13.0
24,50326,MORTGAGE,0.5,PERSONAL,A,9720,6.99,0,0.193,Y,5.0
54,44882,MORTGAGE,2.6,MEDICAL,A,15457,5.0,0,0.344,N,30.0
31,87406,RENT,6.5,PERSONAL,A,3939,8.17,0,0.045,N,11.0
44,184667,OWN,7.6,PERSONAL,C,24365,13.39,0,0.132,N,23.0
40,35084,MORTGAGE,0.6,MEDICAL,C,6392,13.6,1,0.182,N,18.0
55,21549,MORTGAGE,0.0,HOMEIMPROVEMENT,A,26905,5.71,1,1.249,N,30.0
42,46491,MORTGAGE,6.2,HOMEIMPROVEMENT,A,8972,7.98,0,0.193,N,22.0
35,230458,RENT,2.2,MEDICAL,E,31653,20.48,0,0.137,N,13.0
58,30266,OWN,1.5,VENTURE,A,27329,,1,0.903,N,30.0
64,131067,MORTGAGE,0.1,PERSONAL,D,20184,16.78,0,0.154,Y,30.0
61,134137,MORTGAGE,3.9,PERSONAL,A,15799,6.46,0,0.118,N,30.0
58,35166,MORTGAGE,9.5,MEDICAL,C,16052,13.41,1,0.456,N,30.0
33,68967,RENT,15.8,MEDICAL,B,7044,,0,0.102,N,15.0
50,130227,MORTGAGE,4.2,VENTURE,D,20871,16.95,0,0.16,N,30.0
24,39047,RENT,3.6,DEBTCONSOLIDATION,C,24767,13.69,0,0.634,N,6.0
54,43384,RENT,0.4,HOMEIMPROVEMENT,B,21234,9.04,0,0.489,N,30.0
42,34578,RENT,4.0,EDUCATION,A,22381,6.54,0,0.647,N,21.0
48,26666,OWN,2.4,DEBTCONSOLIDATION,C,18274,13.57,1,0.685,Y,27.0
62,33204,MORTGAGE,4.7,HOMEIMPROVEMENT,C,23304,14.61,1,0.702,N,30.0
30,23520,MORTGAGE,2.5,PERSONAL,A,18572,9.28,1,0.79,N,8.0
37,50033,MORTGAGE,1.4,DEBTCONSOLIDATION,A,26965,7.34,0,0.539,N,19.0
66,30884,MORTGAGE,0.5,MEDICAL,D,19384,14.36,0,0.628,N,30.0
31,56402,OWN,1.9,VENTURE,A,18855,7.79,0,0.334,Y,10.0
28,19273,RENT,0.5,HOMEIMPROVEMENT,C,18920,15.64,1,0.982,N,10.0
29,59786,RENT,1.0,VENTURE,B,17702,8.55,0,0.296,N,10.0
63,80831,RENT,21.8,HOMEIMPROVEMENT,D,2894,14.85,0,0.036,N,30.0
36,15000,MORTGAGE,2.9,DEBTCONSOLIDATION,E,31985,19.23,1,2.132,N,15.0
57,61355,MORTGAGE,3.8,PERSONAL,G,29287,23.68,1,0.477,N,30.0
26,102395,RENT,10.3,EDUCATION,A,8991,6.85,1,0.088,Y,8.0
65,23723,RENT,27.1,VENTURE,D,16439,16.26,0,0.693,N,30.0
32,133725,MORTGAGE,4.4,VENTURE,A,30084,8.67,0,0.225,N,14.0
59,63032,RENT,8.4,EDUCATION,B,28659,10.38,1,0.455,N,30.0
61,32112,MORTGAGE,2.0,VENTURE,B,25976,10.28,0,0.809,N,30.0
28,47407,OWN,1.8,VENTURE,A,18107,8.21,0,0.382,N,9.0
46,68527,RENT,2.6,HOMEIMPROVEMENT,E,3329,18.18,1,0.049,N,27.0
21,51308,RENT,5.6,HOMEIMPROVEMENT,A,3770,8.87,0,0.073,N,3.0
24,67727,MORTGAGE,5.7,EDUCATION,C,5846,15.93,1,0.086,N,5.0
48,28214,MORTGAGE,1.9,PERSONAL,C,17651,12.43,1,0.626,N,28.0
56,54264,MORTGAGE,0.7,DEBTCONSOLIDATION,C,15633,12.0,1,0.288,N,30.0
57,20989,OWN,5.0,DEBTCONSOLIDATION,A,14628,7.95,0,0.697,N,30.0
38,45856,RENT,,VENTURE,B,1569,8.96,0,0.034,N,20.0
27,28499,MORTGAGE,4.3,PERSONAL,D,2973,14.44,1,0.104,Y,8.0
67,31529,MORTGAGE,5.9,EDUCATION,B,34038,8.04,0,1.08,N,30.0
64,102914,MORTGAGE,6.0,EDUCATION,B,8641,10.04,0,0.084,N,30.0
20,94351,RENT,7.0,HOMEIMPROVEMENT,A,9930,7.46,0,0.105,N,1.0
41,70649,MORTGAGE,10.3,VENTURE,B,7680,9.88,0,0.109,N,21.0
36,25453,MORTGAGE,3.5,MEDICAL,D,2257,,0,0.089,N,17.0
26,40544,RENT,6.6,EDUCATION,B,9250,12.08,0,0.228,Y,5.0
44,101504,RENT,4.8,VENTURE,B,29757,12.81,1,0.293,N,25.0
64,53371,MORTGAGE,1.0,PERSONAL,B,5858,10.56,1,0.11,N,30.0
23,197125,RENT,0.1,HOMEIMPROVEMENT,B,14491,11.92,0,0.074,N,2.0
55,62068,RENT,1.7,DEBTCONSOLIDATION,A,26294,7.87,1,0.424,Y,30.0
25,55007,RENT,2.9,PERSONAL,A,7908,7.75,0,0.144,Y,4.0
50,40722,MORTGAGE,4.8,EDUCATION,B,11844,9.94,0,0.291,N,30.0
38,53110,MORTGAGE,9.5,EDUCATION,C,3911,10.78,0,0.074,Y,16.0
63,44735,MORTGAGE,1.1,PERSONAL,B,9991,,0,0.223,N,30.0
58,74971,RENT,0.7,EDUCATION,B,12572,11.88,0,0.168,Y,30.0
46,87031,MORTGAGE,16.5,VENTURE,B,30693,8.67,0,0.353,N,28.0
29,30589,MORTGAGE,0.6,EDUCATION,A,18493,7.49,0,0.605,N,8.0
45,22054,MORTGAGE,3.3,HOMEIMPROVEMENT,E,18634,19.69,1,0.845,N,23.0
38,16289,OWN,4.4,VENTURE,B,25561,10.07,1,1.569,N,20.0
58,66489,RENT,3.9,MEDICAL,A,19033,8.93,0,0.286,N,30.0
22,25285,MORTGAGE,0.4,EDUCATION,A,8351,7.33,0,0.33,N,4.0
64,15000,RENT,0.3,EDUCATION,F,26921,20.37,1,1.795,N,30.0
32,61892,MORTGAGE,0.6,HOMEIMPROVEMENT,A,20340,9.0,0,0.329,N,11.0
47,218775,RENT,4.4,HOMEIMPROVEMENT,D,15901,14.88,1,0.073,N,29.0
39,48842,RENT,3.9,DEBTCONSOLIDATION,A,11638,6.63,0,0.238,Y,18.0
47,81072,RENT,1.3,PERSONAL,E,22378,17.43,1,0.276,Y,29.0
27,51487,MORTGAGE,5.1,PERSONAL,D,23820,14.63,0,0.463,Y,8.0
60,46196,RENT,8.6,PERSONAL,B,26060,10.68,1,0.564,N,30.0
58,85088,MORTGAGE,0.2,HOMEIMPROVEMENT,A,33642,6.88,0,0.395,N,30.0
20,41185,RENT,3.4,PERSONAL,A,26378,8.09,1,0.64,Y,1.0
22,57551,RENT,5.8,PERSONAL,B,9150,8.42,0,0.159,Y,2.0
32,59457,MORTGAGE,1.5,MEDICAL,B,25059,9.15,0,0.421,N,12.0
47,32831,RENT,1.8,PERSONAL,A,19193,7.56,0,0.585,N,26.0
44,88896,RENT,4.8,EDUCATION,A,28801,,1,0.324,N,24.0
52,44135,MORTGAGE,11.4,DEBTCONSOLIDATION,B,27246,10.95,1,0.617,N,30.0
57,31149,RENT,8.3,HOMEIMPROVEMENT,B,13807,9.79,1,0.443,N,30.0
25,67636,RENT,4.4,VENTURE,A,18535,5.71,0,0.274,N,3.0
63,28593,RENT,6.6,DEBTCONSOLIDATION,A,6492,6.72,0,0.227,Y,30.0
64,49856,OWN,2.3,MEDICAL,G,32357,23.45,0,0.649,N,30.0
51,48753,MORTGAGE,5.1,HOMEIMPROVEMENT,B,7302,7.67,0,0.15,N,30.0
64,94045,MORTGAGE,3.1,HOMEIMPROVEMENT,C,33314,,0,0.354,N,30.0
66,65174,MORTGAGE,1.1,EDUCATION,B,5747,9.61,0,0.088,Y,30.0
40,48290,RENT,6.0,DEBTCONSOLIDATION,A,11686,7.19,0,0.242,N,20.0
35,80070,RENT,4.1,DEBTCONSOLIDATION,B,19891,10.43,0,0.248,N,14.0
40,112884,MORTGAGE,2.2,PERSONAL,B,30928,9.77,0,0.274,N,20.0
30,68506,RENT,12.1,EDUCATION,D,8494,16.61,1,0.124,N,9.0
56,49326,RENT,0.1,PERSONAL,C,30877,13.65,1,0.626,N,30.0
55,22312,RENT,1.9,PERSONAL,A,28981,7.06,1,1.299,N,30.0
54,25872,RENT,0.3,HOMEIMPROVEMENT,F,15026,21.77,1,0.581,N,30.0
38,40817,OTHER,7.3,DEBTCONSOLIDATION,B,21422,11.17,1,0.525,N,19.0
39,34006,RENT,6.1,PERSONAL,G,10244,21.76,1,0.301,N,19.0
37,43818,MORTGAGE,2.0,MEDICAL,G,34481,23.46,1,0.787,N,16.0
66,50715,RENT,5.6,MEDICAL,A,24644,8.57,1,0.486,N,30.0
60,67360,OWN,2.5,DEBTCONSOLIDATION,B,9521,,1,0.141,Y,30.0
33,46990,RENT,7.1,MEDICAL,B,2746,,0,0.058,N,12.0
34,65637,RENT,3.0,HOMEIMPROVEMENT,C,18591,13.22,1,0.283,N,15.0
50,50954,MORTGAGE,2.7,EDUCATION,B,27718,11.01,0,0.544,N,28.0
20,15000,MORTGAGE,13.6,VENTURE,F,3696,21.97,1,0.246,N,1.0
22,27900,RENT,1.4,PERSONAL,C,13012,13.64,0,0.466,N,4.0
35,44960,RENT,0.6,VENTURE,A,15688,7.77,0,0.349,N,14.0
42,23722,RENT,4.4,EDUCATION,A,24457,7.2,1,1.031,N,24.0
30,70259,RENT,17.4,EDUCATION,C,6036,11.9,0,0.086,Y,12.0
31,122816,RENT,2.4,HOMEIMPROVEMENT,A,30960,7.29,0,0.252,Y,10.0
29,101850,RENT,0.3,MEDICAL,C,23159,12.69,0,0.227,Y,8.0
51,43128,RENT,2.1,MEDICAL,B,8910,9.69,0,0.207,N,30.0
35,119902,RENT,3.5,EDUCATION,B,3693,12.22,0,0.031,N,15.0
27,53594,MORTGAGE,0.9,HOMEIMPROVEMENT,A,16858,,0,0.315,N,5.0
57,40044,OWN,5.4,HOMEIMPROVEMENT,C,29810,11.47,0,0.744,N,30.0
31,33926,MORTGAGE,30.5,DEBTCONSOLIDATION,A,21092,6.2,0,0.622,N,10.0
43,40884,RENT,3.0,PERSONAL,C,24243,13.06,1,0.593,N,21.0
47,38835,RENT,2.2,MEDICAL,B,31505,9.73,1,0.811,N,25.0
27,54298,OWN,2.6,EDUCATION,C,8692,13.88,0,0.16,N,7.0
47,53978,RENT,0.6,DEBTCONSOLIDATION,B,29555,9.01,0,0.548,N,25.0
55,49110,RENT,10.7,VENTURE,A,7398,8.65,0,0.151,N,30.0
45,63714,MORTGAGE,2.7,MEDICAL,C,8252,13.45,0,0.13,N,23.0
27,100146,MORTGAGE,2.4,PERSONAL,A,12721,7.09,0,0.127,N,6.0
47,86658,MORTGAGE,5.4,HOMEIMPROVEMENT,B,18939,10.48,0,0.219,N,26.0
47,20111,RENT,2.9,EDUCATION,A,12825,7.0,1,0.638,N,29.0
56,15000,RENT,5.2,MEDICAL,C,26251,11.06,1,1.75,N,30.0
60,85870,OWN,0.3,VENTURE,E,25151,18.51,0,0.293,N,30.0
55,21587,RENT,8.4,PERSONAL,B,1036,10.12,1,0.048,N,30.0
46,42836,MORTGAGE,14.1,PERSONAL,B,29412,9.35,1,0.687,Y,27.0
36,24292,MORTGAGE,5.2,DEBTCONSOLIDATION,C,19171,14.82,1,0.789,Y,15.0
28,16627,MORTGAGE,15.5,MEDICAL,A,33761,8.3,1,2.03,N,10.0
52,67837,RENT,0.8,VENTURE,E,16202,21.43,1,0.239,N,30.0
39,77303,RENT,3.2,PERSONAL,A,9060,8.5,0,0.117,N,17.0
32,34686,MORTGAGE,4.6,EDUCATION,G,9065,,1,0.261,N,13.0
47,15000,MORTGAGE,4.4,PERSONAL,C,30873,12.41,1,2.058,Y,26.0
67,35321,OWN,2.6,VENTURE,C,6932,12.91,0,0.196,N,30.0
48,62011,RENT,2.1,HOMEIMPROVEMENT,C,27470,12.7,1,0.443,Y,28.0
32,20184,RENT,0.7,HOMEIMPROVEMENT,B,9328,10.63,1,0.462,N,10.0
65,54721,OWN,2.5,DEBTCONSOLIDATION,B,7333,8.65,0,0.134,N,30.0
54,48572,MORTGAGE,0.9,MEDICAL,A,12268,8.28,0,0.253,N,30.0
25,69395,OWN,6.6,VENTURE,C,6067,13.61,0,0.087,N,7.0
37,52667,RENT,1.2,DEBTCONSOLIDATION,C,18045,14.14,1,0.343,N,15.0
24,27341,MORTGAGE,0.3,PERSONAL,D,23770,14.63,1,0.869,N,3.0
66,100503,MORTGAGE,4.0,PERSONAL,B,8887,10.8,0,0.088,N,30.0
44,44572,MORTGAGE,4.5,HOMEIMPROVEMENT,A,34182,9.06,1,0.767,N,22.0
21,48224,RENT,10.3,DEBTCONSOLIDATION,B,33370,9.47,1,0.692,N,3.0
29,28002,RENT,4.3,HOMEIMPROVEMENT,C,25918,12.43,0,0.926,N,7.0
49,37572,MORTGAGE,2.1,EDUCATION,A,29026,8.35,0,0.773,N,30.0
64,28828,RENT,8.1,HOMEIMPROVEMENT,A,12929,6.34,0,0.448,N,30.0
24,44189,RENT,,EDUCATION,D,14563,,1,0.33,N,4.0
52,136902,OWN,0.4,PERSONAL,B,29546,12.27,0,0.216,N,30.0
20,21522,RENT,4.2,DEBTCONSOLIDATION,B,13888,9.45,1,0.645,Y,1.0
37,18617,MORTGAGE,11.9,EDUCATION,B,17958,12.35,0,0.965,N,17.0
51,118504,RENT,2.5,DEBTCONSOLIDATION,C,13634,13.1,0,0.115,N,30.0
66,43235,MORTGAGE,1.8,DEBTCONSOLIDATION,A,20251,6.15,0,0.468,N,30.0
30,32812,OWN,,EDUCATION,C,20928,14.22,1,0.638,N,12.0
40,91486,RENT,0.8,MEDICAL,A,17455,7.63,0,0.191,N,19.0
45,34085,RENT,,HOMEIMPROVEMENT,D,28144,16.02,1,0.826,N,26.0
44,146620,RENT,4.5,EDUCATION,B,29013,9.58,0,0.198,N,26.0
41,73626,RENT,0.4,PERSONAL,B,22876,10.62,0,0.311,N,23.0
46,36579,MORTGAGE,14.0,DEBTCONSOLIDATION,C,27962,11.02,1,0.764,N,25.0
32,178864,OWN,7.0,VENTURE,C,29084,13.76,0,0.163,N,11.0
52,34083,RENT,4.4,EDUCATION,A,22143,9.06,1,0.65,Y,30.0
53,76516,RENT,8.8,HOMEIMPROVEMENT,C,27091,11.38,0,0.354,Y,30.0
60,58663,RENT,0.4,DEBTCONSOLIDATION,A,15179,7.01,0,0.259,N,30.0
54,107049,MORTGAGE,3.2,MEDICAL,E,33807,17.45,1,0.316,N,30.0
20,125104,RENT,5.0,PERSONAL,D,11222,14.19,0,0.09,N,2.0
40,49971,MORTGAGE,8.8,MEDICAL,B,24949,8.04,0,0.499,N,19.0
67,31193,MORTGAGE,7.7,VENTURE,D,17116,14.58,1,0.549,N,30.0
25,64600,MORTGAGE,1.6,EDUCATION,B,18667,10.21,0,0.289,N,6.0
47,32642,RENT,14.1,DEBTCONSOLIDATION,A,9775,8.88,1,0.299,N,27.0
36,164067,MORTGAGE,0.7,EDUCATION,F,30655,19.17,0,0.187,N,17.0
24,53205,RENT,10.4,HOMEIMPROVEMENT,C,15193,13.85,1,0.286,N,3.0
50,39371,RENT,17.7,EDUCATION,B,15676,10.76,0,0.398,N,29.0
24,54765,MORTGAGE,1.0,PERSONAL,B,31776,12.51,1,0.58,N,2.0
57,21844,MORTGAGE,6.4,VENTURE,B,18199,11.19,1,0.833,N,30.0
22,27365,RENT,0.2,MEDICAL,G,16066,24.25,1,0.587,N,4.0
42,100734,RENT,2.6,VENTURE,A,19895,8.34,0,0.198,Y,23.0
56,33052,RENT,3.6,DEBTCONSOLIDATION,B,1246,9.39,0,0.038,Y,30.0
56,26156,RENT,4.3,EDUCATION,B,22209,9.81,1,0.849,N,30.0
29,67642,RENT,,DEBTCONSOLIDATION,B,17800,11.84,1,0.263,N,8.0
29,99849,RENT,5.6,MEDICAL,B,24086,8.04,0,0.241,N,10.0
38,75461,RENT,,DEBTCONSOLIDATION,A,21101,6.68,0,0.28,N,19.0
36,89110,MORTGAGE,8.3,HOMEIMPROVEMENT,A,17491,5.9,1,0.196,N,17.0
40,31129,MORTGAGE,15.0,VENTURE,A,28207,,1,0.906,N,20.0
33,20887,MORTGAGE,0.1,MEDICAL,E,21897,17.99,1,1.048,N,13.0
28,120668,RENT,20.2,MEDICAL,A,30492,8.25,0,0.253,N,10.0
65,40392,OWN,0.5,MEDICAL,C,2421,13.37,0,0.06,Y,30.0
20,42171,MORTGAGE,8.4,PERSONAL,C,33015,11.64,1,0.783,N,2.0
64,108761,MORTGAGE,1.6,VENTURE,D,13970,14.2,0,0.128,N,30.0
32,68441,MORTGAGE,0.7,DEBTCONSOLIDATION,D,8283,15.99,1,0.121,N,12.0
23,64442,OWN,2.9,MEDICAL,A,29488,6.57,0,0.458,N,2.0
20,179692,MORTGAGE,5.2,VENTURE,A,16945,6.86,0,0.094,N,1.0
59,33319,RENT,2.4,MEDICAL,B,1255,11.63,0,0.038,N,30.0
51,85536,MORTGAGE,0.3,HOMEIMPROVEMENT,A,12019,8.41,0,0.141,N,29.0
53,50726,MORTGAGE,4.6,HOMEIMPROVEMENT,C,16487,15.66,1,0.325,Y,30.0
47,57592,MORTGAGE,11.6,HOMEIMPROVEMENT,C,20346,13.12,0,0.353,N,29.0
50,122648,MORTGAGE,2.4,EDUCATION,D,9744,15.23,0,0.079,Y,30.0
27,66482,RENT,1.2,MEDICAL,A,25756,8.0,0,0.387,N,6.0
58,67709,RENT,2.9,EDUCATION,E,18861,17.83,0,0.279,N,30.0
45,93293,OWN,0.2,VENTURE,A,26146,6.87,0,0.28,N,26.0
53,39380,MORTGAGE,8.6,EDUCATION,B,22976,10.26,1,0.583,N,30.0
22,29627,MORTGAGE,8.8,VENTURE,B,1591,12.48,0,0.054,N,2.0
31,26189,RENT,4.4,VENTURE,C,7277,14.34,0,0.278,N,10.0
20,15065,RENT,2.2,VENTURE,B,3260,11.47,0,0.216,N,1.0
63,168337,OWN,8.0,DEBTCONSOLIDATION,E,1347,20.43,0,0.008,N,30.0
24,25287,MORTGAGE,4.0,EDUCATION,E,25741,19.58,1,1.018,N,4.0
49,42926,MORTGAGE,8.7,DEBTCONSOLIDATION,D,7869,14.64,0,0.183,N,28.0
49,41519,RENT,5.0,MEDICAL,A,29082,8.56,0,0.7,N,30.0
36,58949,MORTGAGE,7.7,EDUCATION,D,23080,17.22,0,0.392,Y,17.0
67,79972,RENT,4.6,MEDICAL,C,29979,14.28,0,0.375,N,30.0
66,82148,MORTGAGE,2.7,MEDICAL,A,20422,7.27,0,0.249,N,30.0
42,34549,RENT,15.8,VENTURE,A,23993,8.16,1,0.694,N,23.0
34,44343,RENT,3.9,EDUCATION,A,13386,7.48,1,0.302,N,12.0
56,58078,MORTGAGE,4.6,MEDICAL,A,13938,6.33,0,0.24,N,30.0
40,42225,OWN,1.2,HOMEIMPROVEMENT,B,12159,9.62,0,0.288,Y,22.0
33,128592,RENT,4.9,MEDICAL,F,3274,21.84,1,0.025,N,15.0
21,65813,MORTGAGE,4.2,HOMEIMPROVEMENT,B,19854,9.41,0,0.302,N,3.0
30,76185,RENT,1.0,EDUCATION,B,32815,9.53,0,0.431,N,10.0
58,72964,RENT,0.3,DEBTCONSOLIDATION,F,11482,21.9,1,0.157,Y,30.0
57,99119,RENT,4.6,EDUCATION,A,19961,7.66,0,0.201,Y,30.0
53,54644,RENT,7.2,DEBTCONSOLIDATION,D,21044,16.69,1,0.385,N,30.0
57,22514,MORTGAGE,3.7,DEBTCONSOLIDATION,B,34836,9.03,1,1.547,N,30.0
53,62305,RENT,1.3,EDUCATION,B,22975,11.16,0,0.369,N,30.0
37,33162,RENT,5.5,MEDICAL,B,15706,9.71,1,0.474,Y,17.0
49,35697,OWN,0.4,PERSONAL,B,6974,9.28,0,0.195,N,28.0
34,69690,RENT,2.9,MEDICAL,A,11928,6.89,0,0.171,N,16.0
46,103050,MORTGAGE,0.9,MEDICAL,C,22213,,0,0.216,N,24.0
53,49650,RENT,1.0,VENTURE,A,2950,7.06,0,0.059,N,30.0
57,59000,MORTGAGE,1.1,VENTURE,D,20477,18.64,1,0.347,N,30.0
52,136125,RENT,2.4,MEDICAL,B,11411,8.03,0,0.084,Y,30.0
43,56638,RENT,0.3,HOMEIMPROVEMENT,A,22695,5.64,1,0.401,N,24.0
34,233516,RENT,2.5,DEBTCONSOLIDATION,C,18771,15.09,0,0.08,N,15.0
49,68823,RENT,,VENTURE,A,5274,9.39,1,0.077,N,27.0
61,17043,RENT,3.3,MEDICAL,C,8045,12.46,1,0.472,Y,30.0
36,77034,MORTGAGE,2.4,PERSONAL,F,30714,21.08,0,0.399,Y,14.0
24,61617,OWN,9.1,HOMEIMPROVEMENT,C,9562,14.35,0,0.155,N,4.0
48,106282,MORTGAGE,0.8,EDUCATION,A,28759,7.22,0,0.271,Y,28.0
23,73416,MORTGAGE,3.5,MEDICAL,B,13026,,0,0.177,N,4.0
29,45113,RENT,0.3,MEDICAL,C,32589,13.51,1,0.722,N,9.0
36,23515,RENT,0.4,DEBTCONSOLIDATION,D,32738,14.22,1,1.392,N,15.0
29,43242,RENT,4.3,HOMEIMPROVEMENT,A,27844,7.09,1,0.644,Y,8.0
36,29427,RENT,4.2,VENTURE,B,24447,10.51,1,0.831,Y,15.0
39,34602,MORTGAGE,10.5,VENTURE,B,25879,10.62,1,0.748,N,19.0
43,69783,MORTGAGE,4.1,VENTURE,A,12966,5.42,0,0.186,N,22.0
24,133511,RENT,16.1,EDUCATION,B,18732,11.4,0,0.14,N,2.0
53,62118,RENT,0.2,HOMEIMPROVEMENT,B,6289,10.66,0,0.101,N,30.0
25,23919,MORTGAGE,0.5,HOMEIMPROVEMENT,D,21012,14.73,1,0.878,N,6.0
21,64007,MORTGAGE,0.2,VENTURE,E,19812,20.66,1,0.31,N,1.0
32,100506,RENT,1.0,VENTURE,C,24092,13.08,1,0.24,N,11.0
62,34000,OWN,3.9,DEBTCONSOLIDATION,B,26105,10.16,0,0.768,N,30.0
62,45233,OWN,5.2,PERSONAL,A,15294,8.27,0,0.338,N,30.0
67,49454,RENT,0.2,PERSONAL,G,4621,25.0,1,0.093,N,30.0
30,30609,RENT,14.6,MEDICAL,G,33442,24.32,1,1.093,N,11.0
66,72328,MORTGAGE,9.2,MEDICAL,E,22699,19.49,0,0.314,Y,30.0
42,45589,OWN,1.8,HOMEIMPROVEMENT,C,3347,12.3,0,0.073,N,21.0
35,63052,MORTGAGE,0.4,HOMEIMPROVEMENT,B,30486,,0,0.484,Y,13.0
50,28781,RENT,0.9,EDUCATION,D,18110,15.36,1,0.629,N,28.0
30,37704,RENT,0.7,EDUCATION,B,5923,11.34,0,0.157,N,12.0
35,75616,MORTGAGE,0.7,PERSONAL,B,16611,11.46,0,0.22,N,17.0
27,39194,MORTGAGE,3.7,MEDICAL,C,20199,15.46,0,0.515,N,9.0
23,138161,RENT,1.4,PERSONAL,A,10066,5.0,0,0.073,N,4.0
59,38569,MORTGAGE,2.2,PERSONAL,A,27754,6.74,1,0.72,N,30.0
23,56095,MORTGAGE,22.8,MEDICAL,B,25260,12.06,1,0.45,N,4.0
44,85781,MORTGAGE,5.8,EDUCATION,B,17991,8.82,0,0.21,N,23.0
22,20930,MORTGAGE,14.9,DEBTCONSOLIDATION,D,23553,16.97,1,1.125,N,1.0
51,17043,MORTGAGE,0.8,DEBTCONSOLIDATION,A,25174,8.86,1,1.477,N,30.0
22,19625,RENT,2.4,DEBTCONSOLIDATION,A,22957,7.47,1,1.17,N,3.0
46,104563,MORTGAGE,4.0,MEDICAL,A,1634,5.79,0,0.016,N,27.0
48,35202,RENT,0.4,VENTURE,A,30881,7.35,1,0.877,N,28.0
51,227503,MORTGAGE,0.0,VENTURE,A,13771,9.25,0,0.061,Y,30.0
38,34942,RENT,5.5,VENTURE,C,19298,15.35,1,0.552,N,17.0
40,54760,MORTGAGE,5.1,HOMEIMPROVEMENT,B,15340,10.75,0,0.28,N,21.0
24,123656,RENT,2.6,EDUCATION,C,34356,12.33,0,0.278,N,4.0
37,163350,RENT,3.4,EDUCATION,G,7351,25.0,0,0.045,N,18.0
47,168872,RENT,2.7,HOMEIMPROVEMENT,C,4838,14.49,0,0.029,N,26.0
61,101216,RENT,0.1,PERSONAL,A,2973,6.41,0,0.029,Y,30.0
41,90620,MORTGAGE,2.0,DEBTCONSOLIDATION,A,11247,7.91,0,0.124,N,21.0
40,69948,MORTGAGE,1.0,VENTURE,D,32655,16.36,0,0.467,N,20.0
25,78199,MORTGAGE,0.5,DEBTCONSOLIDATION,B,7683,9.74,0,0.098,N,6.0
20,35217,RENT,15.7,VENTURE,D,12244,16.42,1,0.348,N,1.0
24,30003,RENT,4.6,DEBTCONSOLIDATION,D,30058,17.33,1,1.002,N,3.0
60,48921,RENT,,PERSONAL,E,29371,18.14,1,0.6,N,30.0
31,44262,RENT,1.9,DEBTCONSOLIDATION,E,4822,19.95,1,0.109,N,10.0
45,37349,OWN,2.5,DEBTCONSOLIDATION,B,29878,8.39,0,0.8,N,24.0
65,74446,RENT,1.4,MEDICAL,B,6914,13.16,0,0.093,N,30.0
53,86958,RENT,0.5,DEBTCONSOLIDATION,F,19164,21.07,0,0.22,N,30.0
33,51691,RENT,1.0,MEDICAL,B,28180,11.79,0,0.545,N,12.0
45,118957,RENT,8.0,EDUCATION,A,4688,7.76,0,0.039,N,25.0
64,24710,MORTGAGE,5.7,HOMEIMPROVEMENT,C,15683,12.51,0,0.635,N,30.0
46,43643,MORTGAGE,4.0,DEBTCONSOLIDATION,B,14080,10.46,0,0.323,N,24.0
28,31885,RENT,3.2,EDUCATION,D,31953,13.71,1,1.002,N,9.0
45,15995,RENT,12.8,MEDICAL,C,10916,14.33,1,0.682,N,27.0
66,46648,RENT,0.4,DEBTCONSOLIDATION,B,30677,10.73,1,0.658,Y,30.0
41,45567,RENT,1.6,DEBTCONSOLIDATION,F,28360,,0,0.622,N,19.0
66,121548,RENT,2.2,PERSONAL,D,14453,16.9,0,0.119,N,30.0
49,71573,OWN,7.6,EDUCATION,C,23703,,0,0.331,N,27.0
62,26515,MORTGAGE,24.5,VENTURE,A,9640,8.23,0,0.364,N,30.0
67,149112,MORTGAGE,1.4,VENTURE,B,30263,11.65,1,0.203,Y,30.0
36,101988,RENT,10.4,PERSONAL,C,33849,12.84,1,0.332,N,17.0
45,69512,RENT,8.9,MEDICAL,A,17078,6.5,0,0.246,N,24.0
55,42792,MORTGAGE,1.3,VENTURE,A,24383,5.43,0,0.57,N,30.0
20,27565,MORTGAGE,2.5,VENTURE,C,16536,13.65,0,0.6,N,2.0
27,39209,MORTGAGE,2.6,HOMEIMPROVEMENT,B,8410,11.04,1,0.214,N,5.0
54,94206,RENT,19.1,EDUCATION,B,16926,8.91,0,0.18,N,30.0
34,151865,MORTGAGE,1.0,MEDICAL,A,32159,9.2,0,0.212,N,16.0
66,123741,RENT,8.0,DEBTCONSOLIDATION,B,30090,9.51,0,0.243,N,30.0
41,36559,MORTGAGE,2.0,EDUCATION,C,21567,10.98,0,0.59,N,21.0
33,25039,MORTGAGE,6.6,MEDICAL,A,16367,9.29,0,0.654,N,11.0
45,53344,MORTGAGE,2.7,VENTURE,A,6813,5.13,0,0.128,N,23.0
47,16965,RENT,4.3,HOMEIMPROVEMENT,C,17498,14.66,0,1.031,N,29.0
42,59510,MORTGAGE,8.9,EDUCATION,F,26989,21.87,1,0.454,N,24.0
33,44866,RENT,8.2,VENTURE,C,26568,13.88,1,0.592,N,11.0
43,37063,RENT,10.1,MEDICAL,A,2041,6.87,0,0.055,N,24.0
21,18829,RENT,0.3,EDUCATION,B,31099,11.1,1,1.652,N,1.0
64,66713,MORTGAGE,5.9,DEBTCONSOLIDATION,D,25364,17.26,0,0.38,N,30.0
45,35609,RENT,0.8,EDUCATION,A,24482,6.32,0,0.688,N,26.0
33,24295,RENT,2.7,VENTURE,C,4676,14.67,0,0.192,N,11.0
26,15000,OWN,4.0,EDUCATION,B,22781,11.62,1,1.519,Y,5.0
22,48218,RENT,2.6,DEBTCONSOLIDATION,A,31048,7.85,0,0.644,N,4.0
66,141967,MORTGAGE,3.7,HOMEIMPROVEMENT,D,4065,15.35,1,0.029,N,30.0
42,132820,RENT,28.3,HOMEIMPROVEMENT,C,3036,14.62,0,0.023,Y,23.0
65,37262,RENT,0.7,VENTURE,C,17924,14.11,1,0.481,N,30.0
62,34155,MORTGAGE,5.6,MEDICAL,A,33844,6.28,1,0.991,N,30.0
66,64942,RENT,2.5,VENTURE,A,17407,,0,0.268,N,30.0
64,26929,RENT,0.7,HOMEIMPROVEMENT,B,22518,11.48,1,0.836,N,30.0
37,58751,MORTGAGE,0.9,PERSONAL,B,18059,10.64,0,0.307,N,19.0
57,77625,MORTGAGE,14.9,PERSONAL,A,24052,8.8,0,0.31,N,30.0
54,102350,MORTGAGE,10.6,EDUCATION,A,5267,7.09,0,0.051,N,30.0
34,46161,RENT,11.9,DEBTCONSOLIDATION,A,6988,6.3,0,0.151,N,15.0
44,43381,RENT,23.9,EDUCATION,G,28974,25.0,1,0.668,Y,25.0
56,28946,MORTGAGE,1.2,PERSONAL,C,25036,,0,0.865,N,30.0
47,29847,MORTGAGE,2.2,HOMEIMPROVEMENT,E,9680,17.9,1,0.324,Y,25.0
29,42792,MORTGAGE,5.5,EDUCATION,A,2485,7.84,0,0.058,Y,10.0
58,61109,MORTGAGE,3.3,VENTURE,F,15713,22.18,0,0.257,N,30.0
36,84808,MORTGAGE,2.7,DEBTCONSOLIDATION,A,21043,8.28,0,0.248,Y,17.0
58,30275,RENT,2.2,VENTURE,B,3419,13.27,0,0.113,N,30.0
41,120043,RENT,4.5,DEBTCONSOLIDATION,D,18140,15.86,1,0.151,Y,23.0
45,41661,MORTGAGE,4.3,HOMEIMPROVEMENT,B,13961,9.45,0,0.335,N,24.0
63,48396,RENT,0.9,EDUCATION,B,7487,10.24,1,0.155,N,30.0
44,31309,RENT,3.2,DEBTCONSOLIDATION,A,32110,,1,1.026,N,24.0
36,15000,MORTGAGE,4.0,VENTURE,A,17360,7.42,1,1.157,N,16.0
32,83318,OWN,4.2,EDUCATION,C,25882,12.32,1,0.311,Y,10.0
39,76275,RENT,1.2,EDUCATION,C,18502,14.44,0,0.243,Y,17.0
44,41406,RENT,6.8,VENTURE,C,8631,13.94,1,0.208,N,26.0
23,51031,RENT,0.1,PERSONAL,B,4017,8.98,1,0.079,Y,3.0
29,66807,MORTGAGE,2.2,DEBTCONSOLIDATION,C,21725,14.66,1,0.325,N,8.0
22,19196,OWN,7.6,VENTURE,A,25762,6.53,1,1.342,N,3.0
60,35687,RENT,4.1,HOMEIMPROVEMENT,A,1784,6.08,0,0.05,N,30.0
64,78949,RENT,1.5,MEDICAL,G,29020,23.6,0,0.368,N,30.0
37,23096,MORTGAGE,5.9,VENTURE,A,16765,5.39,1,0.726,N,19.0
66,58462,RENT,4.2,EDUCATION,C,32127,14.21,1,0.55,N,30.0
55,21721,MORTGAGE,8.0,EDUCATION,A,4196,5.0,0,0.193,N,30.0
66,64851,OWN,6.6,VENTURE,C,10552,12.26,0,0.163,N,30.0
41,47983,RENT,4.7,MEDICAL,C,32921,15.39,1,0.686,N,19.0
53,18600,MORTGAGE,3.3,VENTURE,A,5746,6.68,1,0.309,N,30.0
66,98601,RENT,0.7,MEDICAL,A,3999,6.89,0,0.041,N,30.0
27,31547,RENT,1.5,MEDICAL,C,16595,15.03,1,0.526,Y,8.0
59,30147,MORTGAGE,2.7,HOMEIMPROVEMENT,B,23063,9.55,1,0.765,Y,30.0
63,55289,RENT,4.6,DEBTCONSOLIDATION,A,7200,8.42,1,0.13,N,30.0
38,97653,OTHER,3.6,EDUCATION,C,24377,14.91,0,0.25,N,17.0
61,26649,MORTGAGE,1.7,EDUCATION,A,14410,8.07,1,0.541,N,30.0
60,50868,RENT,0.0,MEDICAL,D,4598,14.27,1,0.09,N,30.0
56,63404,RENT,3.4,EDUCATION,B,11564,9.78,0,0.182,N,30.0
25,74299,RENT,1.7,PERSONAL,A,31898,10.76,0,0.429,N,6.0
45,54495,RENT,6.6,MEDICAL,C,21598,12.91,0,0.396,N,27.0
53,39331,RENT,0.1,EDUCATION,B,18862,14.08,1,0.48,N,30.0
64,29835,RENT,4.4,PERSONAL,A,11265,9.55,0,0.378,N,30.0
25,51621,RENT,14.2,HOMEIMPROVEMENT,B,10705,11.12,0,0.207,N,6.0
56,25763,MORTGAGE,1.0,EDUCATION,A,26544,7.86,1,1.03,N,30.0
52,15000,MORTGAGE,3.2,PERSONAL,A,15298,6.94,1,1.02,Y,30.0
41,63699,MORTGAGE,0.5,VENTURE,A,33670,7.39,0,0.529,N,20.0
40,84318,RENT,4.9,DEBTCONSOLIDATION,B,7050,9.67,1,0.084,N,21.0
25,15000,RENT,4.0,VENTURE,A,22034,7.42,1,1.469,N,3.0
25,26746,MORTGAGE,2.6,PERSONAL,C,9484,11.87,1,0.355,N,6.0
67,71075,RENT,3.7,MEDICAL,C,32323,11.8,1,0.455,Y,30.0
23,168467,RENT,11.3,MEDICAL,B,21796,12.06,0,0.129,N,1.0
49,49636,MORTGAGE,1.1,EDUCATION,C,30069,11.57,0,0.606,N,29.0
30,31672,MORTGAGE,0.1,VENTURE,D,22827,17.06,0,0.721,N,8.0
49,43926,MORTGAGE,9.9,MEDICAL,B,11315,8.23,0,0.258,N,30.0
50,111851,RENT,4.3,MEDICAL,C,27519,14.26,0,0.246,N,28.0
43,33270,MORTGAGE,11.1,VENTURE,A,10107,7.25,0,0.304,N,21.0
28,30347,MORTGAGE,4.5,HOMEIMPROVEMENT,D,4869,17.59,1,0.16,Y,8.0
22,36693,MORTGAGE,8.3,MEDICAL,A,16447,7.1,1,0.448,N,2.0
50,27667,MORTGAGE,2.8,DEBTCONSOLIDATION,B,28370,8.09,1,1.025,N,28.0
59,52764,MORTGAGE,6.9,PERSONAL,C,8971,13.27,1,0.17,Y,30.0
56,129937,MORTGAGE,12.2,EDUCATION,A,32269,7.69,0,0.248,N,30.0
55,59506,RENT,4.2,MEDICAL,A,26651,7.34,1,0.448,N,30.0
43,42133,MORTGAGE,1.0,DEBTCONSOLIDATION,B,24446,11.19,0,0.58,N,25.0
50,41147,MORTGAGE,1.6,DEBTCONSOLIDATION,B,10643,9.82,0,0.259,N,30.0
25,19188,MORTGAGE,1.1,MEDICAL,C,4823,11.98,0,0.251,N,3.0
21,83271,RENT,1.4,HOMEIMPROVEMENT,D,14454,14.8,1,0.174,N,1.0
39,46784,RENT,1.8,PERSONAL,A,4932,6.88,0,0.105,N,17.0
47,43989,OWN,4.0,EDUCATION,A,11220,6.87,0,0.255,N,25.0
30,250000,MORTGAGE,4.4,MEDICAL,C,9554,16.39,0,0.038,N,12.0
23,58644,OWN,2.8,EDUCATION,B,3429,12.01,0,0.058,N,3.0
34,31223,MORTGAGE,4.8,VENTURE,C,29208,14.32,0,0.935,N,13.0
25,37956,MORTGAGE,0.4,DEBTCONSOLIDATION,A,8444,8.04,0,0.222,Y,5.0
49,97642,MORTGAGE,0.5,DEBTCONSOLIDATION,B,11510,10.86,1,0.118,N,29.0
57,52468,OWN,0.9,MEDICAL,B,11537,10.87,0,0.22,N,30.0
21,20682,MORTGAGE,3.6,MEDICAL,B,8147,10.7,0,0.394,N,1.0
34,85096,MORTGAGE,1.2,VENTURE,B,4598,10.55,0,0.054,N,12.0
30,32830,RENT,1.7,HOMEIMPROVEMENT,B,7718,7.99,0,0.235,N,12.0
27,150840,RENT,2.6,MEDICAL,B,14782,10.06,0,0.098,N,9.0
45,93716,MORTGAGE,8.4,DEBTCONSOLIDATION,A,1051,7.21,0,0.011,Y,24.0
64,37481,RENT,0.1,EDUCATION,A,17702,6.6,1,0.472,N,30.0
63,105726,RENT,5.2,PERSONAL,B,11184,9.83,0,0.106,N,30.0
24,51057,RENT,5.5,EDUCATION,B,13468,10.86,1,0.264,N,4.0
25,81769,RENT,8.0,HOMEIMPROVEMENT,B,23072,11.42,1,0.282,Y,5.0
45,65567,RENT,13.5,PERSONAL,B,16479,10.86,0,0.251,Y,23.0
23,29501,RENT,0.1,EDUCATION,C,29467,14.39,1,0.999,N,5.0
38,33318,OWN,0.8,EDUCATION,D,24402,16.91,1,0.732,Y,16.0
39,90941,MORTGAGE,10.9,VENTURE,A,8210,7.14,0,0.09,N,21.0
52,40100,RENT,3.1,HOMEIMPROVEMENT,A,7057,8.13,0,0.176,Y,30.0
39,38476,RENT,4.2,DEBTCONSOLIDATION,A,31916,5.4,0,0.83,N,21.0
31,27637,MORTGAGE,5.4,VENTURE,C,28268,13.04,1,1.023,N,12.0
66,63206,RENT,5.7,PERSONAL,B,24259,9.9,0,0.384,N,30.0
20,168976,MORTGAGE,13.4,DEBTCONSOLIDATION,A,14864,9.34,0,0.088,Y,1.0
45,25834,MORTGAGE,29.0,VENTURE,C,8043,13.9,0,0.311,Y,25.0
33,49738,MORTGAGE,6.4,HOMEIMPROVEMENT,A,13529,5.9,0,0.272,Y,11.0
57,114385,RENT,1.7,MEDICAL,B,31868,11.21,0,0.279,Y,30.0
56,46733,MORTGAGE,,MEDICAL,B,27309,11.59,0,0.584,N,30.0
30,64306,RENT,0.3,PERSONAL,C,24284,13.39,0,0.378,Y,10.0
55,25914,OWN,1.3,MEDICAL,A,4464,8.33,0,0.172,Y,30.0
32,63385,MORTGAGE,11.4,VENTURE,D,19643,13.01,0,0.31,N,14.0
62,43814,RENT,1.5,PERSONAL,C,30265,10.26,0,0.691,N,30.0
22,88560,RENT,1.2,DEBTCONSOLIDATION,A,16954,6.09,0,0.191,N,1.0
52,99950,RENT,0.7,HOMEIMPROVEMENT,A,24880,7.68,0,0.249,Y,30.0
25,231825,MORTGAGE,9.8,PERSONAL,B,20043,12.34,0,0.086,Y,6.0
29,69409,RENT,3.5,DEBTCONSOLIDATION,D,1255,14.65,0,0.018,Y,10.0
24,59603,MORTGAGE,5.6,PERSONAL,D,2502,14.98,0,0.042,Y,4.0
42,55084,RENT,1.4,EDUCATION,B,5656,10.61,1,0.103,Y,21.0
29,39660,MORTGAGE,7.1,EDUCATION,D,11302,15.41,1,0.285,N,11.0
63,60059,MORTGAGE,7.1,PERSONAL,A,6430,6.84,0,0.107,N,30.0
21,41058,MORTGAGE,1.9,MEDICAL,A,28425,6.99,0,0.692,N,2.0
32,54234,MORTGAGE,2.6,EDUCATION,E,2860,20.08,1,0.053,N,14.0
59,108072,RENT,1.2,HOMEIMPROVEMENT,C,7158,14.84,0,0.066,N,30.0
21,26797,RENT,18.8,DEBTCONSOLIDATION,B,6806,10.53,0,0.254,Y,1.0
39,97141,MORTGAGE,5.2,VENTURE,C,21738,15.49,0,0.224,N,20.0
20,108041,RENT,13.6,EDUCATION,F,18106,21.61,0,0.168,N,1.0
56,45668,RENT,1.8,PERSONAL,C,10474,14.88,0,0.229,N,30.0
28,15000,RENT,7.6,MEDICAL,D,17997,14.97,1,1.2,N,9.0
36,34040,RENT,7.3,VENTURE,C,33599,12.72,1,0.987,N,18.0
28,106744,RENT,5.9,DEBTCONSOLIDATION,A,6790,6.7,1,0.064,N,7.0
30,48352,MORTGAGE,16.9,DEBTCONSOLIDATION,D,11170,15.9,0,0.231,N,10.0
34,26914,RENT,2.5,EDUCATION,A,10004,7.57,1,0.372,N,16.0
43,36211,MORTGAGE,0.7,DEBTCONSOLIDATION,D,26792,16.39,1,0.74,N,22.0
57,81175,RENT,5.6,DEBTCONSOLIDATION,B,31216,12.87,0,0.385,N,30.0
54,68052,MORTGAGE,6.5,MEDICAL,C,8232,14.37,0,0.121,N,30.0
49,42473,RENT,4.3,MEDICAL,B,13674,9.88,0,0.322,N,28.0
50,39336,OWN,1.2,MEDICAL,A,17052,7.5,1,0.433,N,30.0
24,38752,OWN,3.5,PERSONAL,A,6913,9.31,0,0.178,N,3.0
63,28185,RENT,1.9,DEBTCONSOLIDATION,G,28913,24.44,1,1.026,Y,30.0
33,129214,OWN,2.8,DEBTCONSOLIDATION,F,11567,22.79,1,0.09,N,14.0
30,40400,OTHER,5.2,DEBTCONSOLIDATION,B,10432,,0,0.258,N,11.0
28,101752,MORTGAGE,6.8,HOMEIMPROVEMENT,G,1319,22.65,1,0.013,N,9.0
53,122123,MORTGAGE,1.3,MEDICAL,D,25469,15.16,0,0.209,N,30.0
31,89231,RENT,2.6,VENTURE,C,27490,13.02,0,0.308,N,11.0
54,37836,MORTGAGE,1.6,EDUCATION,A,21584,6.22,1,0.57,N,30.0
54,62457,RENT,1.1,VENTURE,E,5791,18.85,1,0.093,N,30.0
20,48314,RENT,7.6,PERSONAL,B,32736,10.87,1,0.678,N,2.0
59,28503,OTHER,12.0,PERSONAL,D,1329,17.61,0,0.047,N,30.0
41,59552,RENT,2.3,DEBTCONSOLIDATION,D,9851,,0,0.165,N,19.0
48,24162,MORTGAGE,7.0,VENTURE,D,24126,14.87,1,0.999,N,27.0
27,99968,MORTGAGE,11.4,DEBTCONSOLIDATION,C,22300,14.47,0,0.223,Y,8.0
30,37094,MORTGAGE,9.4,HOMEIMPROVEMENT,A,11164,7.72,0,0.301,N,9.0
60,55309,OTHER,1.0,PERSONAL,B,25509,10.55,1,0.461,N,30.0
56,58103,RENT,15.7,PERSONAL,B,6703,12.02,0,0.115,N,30.0
33,41967,RENT,2.4,VENTURE,A,28109,6.29,1,0.67,Y,11.0
49,69704,RENT,2.1,PERSONAL,B,23554,9.63,0,0.338,N,29.0
54,36866,RENT,0.3,HOMEIMPROVEMENT,C,28676,12.48,1,0.778,N,30.0
40,82683,RENT,3.3,HOMEIMPROVEMENT,D,24804,13.58,0,0.3,N,21.0
56,21859,RENT,0.6,HOMEIMPROVEMENT,A,30802,7.66,1,1.409,N,30.0
24,52882,MORTGAGE,1.4,EDUCATION,B,25795,9.87,0,0.488,N,4.0
38,156898,MORTGAGE,,HOMEIMPROVEMENT,A,3611,6.62,0,0.023,N,16.0
33,26897,RENT,8.3,HOMEIMPROVEMENT,A,23075,6.4,1,0.858,N,15.0
45,32641,MORTGAGE,10.4,EDUCATION,A,17479,,1,0.535,N,25.0
23,66725,RENT,1.8,DEBTCONSOLIDATION,C,10180,12.54,0,0.153,N,2.0
44,54597,RENT,9.8,MEDICAL,A,10304,7.77,0,0.189,N,24.0
64,60498,MORTGAGE,9.7,PERSONAL,C,15610,14.05,0,0.258,N,30.0
61,65743,MORTGAGE,7.2,HOMEIMPROVEMENT,A,9437,7.15,1,0.144,N,30.0
44,71742,MORTGAGE,0.8,PERSONAL,D,13521,15.57,1,0.188,Y,23.0
37,95398,RENT,5.9,VENTURE,D,25028,16.22,1,0.262,N,18.0
59,62685,MORTGAGE,14.5,PERSONAL,F,28301,20.97,0,0.451,Y,30.0
27,42414,MORTGAGE,5.7,DEBTCONSOLIDATION,D,22740,17.6,0,0.536,N,9.0
58,73390,MORTGAGE,2.0,EDUCATION,E,22282,18.88,1,0.304,N,30.0
59,153265,MORTGAGE,3.5,PERSONAL,D,11858,17.31,0,0.077,N,30.0
33,45270,MORTGAGE,5.2,PERSONAL,C,16186,14.23,0,0.358,N,14.0
51,27317,MORTGAGE,3.6,PERSONAL,A,32194,5.92,1,1.179,N,30.0
57,95248,MORTGAGE,0.6,MEDICAL,A,26230,,0,0.275,N,30.0
52,45604,OTHER,1.9,MEDICAL,A,28018,7.44,0,0.614,N,30.0
42,15000,MORTGAGE,8.1,VENTURE,C,25665,14.54,1,1.711,N,22.0
34,81507,RENT,,EDUCATION,B,22516,12.81,0,0.276,N,14.0
52,35553,MORTGAGE,0.7,PERSONAL,D,25673,15.42,1,0.722,N,30.0
44,46429,RENT,15.2,PERSONAL,F,6239,21.07,1,0.134,N,22.0
36,59825,RENT,2.0,PERSONAL,B,27415,11.46,1,0.458,Y,17.0
52,54956,MORTGAGE,5.4,PERSONAL,B,28195,10.43,0,0.513,Y,30.0
66,75032,OWN,7.0,MEDICAL,F,30323,22.97,1,0.404,N,30.0
21,37748,OWN,8.4,DEBTCONSOLIDATION,A,31763,5.88,1,0.841,N,2.0
33,66693,RENT,,DEBTCONSOLIDATION,C,19105,14.31,0,0.286,Y,15.0
59,41951,MORTGAGE,1.9,VENTURE,A,30739,8.3,0,0.733,N,30.0
59,76365,RENT,9.8,HOMEIMPROVEMENT,C,32969,14.88,0,0.432,N,30.0
58,70913,OTHER,0.7,EDUCATION,A,15497,7.57,0,0.219,Y,30.0
25,27965,OTHER,6.1,DEBTCONSOLIDATION,D,2816,17.07,0,0.101,N,6.0
25,94050,MORTGAGE,6.8,PERSONAL,B,27483,10.2,0,0.292,N,6.0
22,35540,MORTGAGE,5.7,DEBTCONSOLIDATION,A,23159,6.54,0,0.652,N,1.0
26,79605,MORTGAGE,1.5,VENTURE,A,4849,6.36,0,0.061,N,5.0
27,61106,MORTGAGE,10.3,HOMEIMPROVEMENT,B,22612,8.77,0,0.37,Y,5.0
61,147695,RENT,0.9,DEBTCONSOLIDATION,F,34826,20.47,0,0.236,N,30.0
34,42869,RENT,0.3,VENTURE,C,19706,13.87,1,0.46,N,14.0
66,39751,MORTGAGE,,MEDICAL,B,25563,10.25,1,0.643,N,30.0
48,48452,MORTGAGE,3.2,HOMEIMPROVEMENT,B,5359,10.74,0,0.111,N,26.0
52,40867,RENT,9.5,VENTURE,B,31669,11.98,0,0.775,N,30.0
49,79218,OWN,2.4,DEBTCONSOLIDATION,C,13809,12.88,0,0.174,Y,30.0
58,18586,RENT,0.9,MEDICAL,C,30454,16.31,1,1.639,N,30.0
46,26050,MORTGAGE,9.1,VENTURE,B,8254,11.41,0,0.317,N,24.0
55,25830,MORTGAGE,4.0,VENTURE,C,25785,13.26,1,0.998,Y,30.0
48,86697,MORTGAGE,1.0,DEBTCONSOLIDATION,C,3093,13.24,0,0.036,N,26.0
57,136812,MORTGAGE,6.4,HOMEIMPROVEMENT,F,33009,19.79,1,0.241,Y,30.0
52,46042,RENT,3.6,MEDICAL,E,17558,18.47,1,0.381,N,30.0
56,44298,RENT,4.6,PERSONAL,C,18718,10.91,0,0.423,N,30.0
46,51125,MORTGAGE,3.1,EDUCATION,C,17705,15.01,0,0.346,N,27.0
52,98432,MORTGAGE,8.8,HOMEIMPROVEMENT,A,23082,5.0,0,0.234,Y,30.0
23,28101,RENT,8.8,MEDICAL,D,13342,16.05,0,0.475,N,3.0
41,56557,MORTGAGE,6.2,VENTURE,B,13239,9.13,0,0.234,N,21.0
21,88002,RENT,0.6,MEDICAL,A,33274,6.66,1,0.378,N,2.0
29,66214,MORTGAGE,,EDUCATION,B,12419,9.81,0,0.188,N,10.0
24,54926,MORTGAGE,5.6,DEBTCONSOLIDATION,D,16003,18.31,1,0.291,N,6.0
29,89377,RENT,6.0,EDUCATION,A,31866,6.18,0,0.357,Y,7.0
52,15000,RENT,2.3,PERSONAL,B,22988,11.6,1,1.533,Y,30.0
57,73623,MORTGAGE,10.6,PERSONAL,B,25908,11.89,0,0.352,N,30.0
32,33108,MORTGAGE,6.5,EDUCATION,A,6674,5.0,0,0.202,N,10.0
50,16344,MORTGAGE,0.6,HOMEIMPROVEMENT,A,6002,6.76,1,0.367,N,30.0
66,66617,MORTGAGE,2.6,HOMEIMPROVEMENT,D,28567,17.78,1,0.429,N,30.0
55,111769,MORTGAGE,10.9,VENTURE,D,1910,,0,0.017,Y,30.0
64,45140,OWN,0.2,PERSONAL,A,30072,8.94,1,0.666,Y,30.0
43,86831,MORTGAGE,16.3,VENTURE,D,34717,15.98,1,0.4,Y,21.0
34,128974,RENT,5.7,PERSONAL,C,22809,13.43,1,0.177,N,13.0
48,107898,RENT,5.0,EDUCATION,B,27651,10.58,0,0.256,N,27.0
27,131134,RENT,1.6,HOMEIMPROVEMENT,C,17484,13.91,1,0.133,N,8.0
24,76517,MORTGAGE,1.4,HOMEIMPROVEMENT,F,5646,19.85,0,0.074,N,2.0
48,51290,RENT,14.2,EDUCATION,B,3400,10.19,0,0.066,N,28.0
66,18747,OWN,1.8,VENTURE,A,23185,7.94,1,1.237,Y,30.0
23,42292,MORTGAGE,7.5,VENTURE,E,19727,18.71,0,0.466,Y,1.0
31,29556,MORTGAGE,2.5,MEDICAL,C,34120,13.92,1,1.154,Y,9.0
64,180333,RENT,0.7,PERSONAL,A,2018,6.64,0,0.011,Y,30.0
21,44111,RENT,0.1,VENTURE,B,18563,11.26,1,0.421,N,1.0
46,52781,RENT,,EDUCATION,B,6193,10.65,0,0.117,N,24.0
50,68247,RENT,18.6,VENTURE,D,16701,14.1,0,0.245,N,29.0
55,50320,RENT,2.3,HOMEIMPROVEMENT,B,4536,9.86,0,0.09,N,30.0
55,135541,MORTGAGE,2.2,PERSONAL,A,19886,6.43,0,0.147,N,30.0
45,33739,OWN,2.1,DEBTCONSOLIDATION,C,30410,12.41,1,0.901,N,25.0
62,55092,OWN,3.7,MEDICAL,B,34744,9.93,0,0.631,N,30.0
46,31398,MORTGAGE,2.9,PERSONAL,A,16957,8.24,0,0.54,N,28.0
24,22203,RENT,10.6,HOMEIMPROVEMENT,B,33875,9.75,1,1.526,N,6.0
39,33959,MORTGAGE,3.5,HOMEIMPROVEMENT,D,2626,16.27,1,0.077,N,17.0
30,47943,OWN,3.5,HOMEIMPROVEMENT,A,26279,7.57,0,0.548,N,11.0
29,37889,RENT,0.7,HOMEIMPROVEMENT,C,7229,12.57,1,0.191,N,11.0
59,32355,MORTGAGE,20.3,EDUCATION,B,7877,10.09,0,0.243,N,30.0
57,21082,RENT,1.4,MEDICAL,A,34642,8.54,1,1.643,Y,30.0
25,46636,MORTGAGE,0.4,DEBTCONSOLIDATION,B,33356,10.68,1,0.715,N,5.0
27,19874,OTHER,5.4,HOMEIMPROVEMENT,B,4809,11.16,0,0.242,N,9.0
42,77345,RENT,4.5,HOMEIMPROVEMENT,D,10465,17.53,0,0.135,N,23.0
66,51506,OWN,2.7,VENTURE,A,1559,8.02,0,0.03,Y,30.0
45,20444,MORTGAGE,2.7,MEDICAL,C,9308,11.2,0,0.455,N,26.0
65,40719,OWN,7.7,PERSONAL,A,22353,7.82,1,0.549,Y,30.0
62,31216,RENT,1.1,MEDICAL,F,16250,20.26,1,0.521,Y,30.0
31,59367,MORTGAGE,8.6,MEDICAL,C,17427,15.67,1,0.294,Y,11.0
45,109564,RENT,5.2,DEBTCONSOLIDATION,C,34276,13.98,1,0.313,N,25.0
32,15913,RENT,2.7,MEDICAL,A,7107,6.78,0,0.447,N,12.0
59,52523,RENT,3.1,DEBTCONSOLIDATION,B,14476,11.18,0,0.276,N,30.0
37,44530,OWN,1.5,HOMEIMPROVEMENT,A,4439,7.61,0,0.1,N,17.0
44,73335,MORTGAGE,7.0,HOMEIMPROVEMENT,E,21312,16.44,0,0.291,N,25.0
52,55710,MORTGAGE,3.6,EDUCATION,B,22795,11.54,0,0.409,Y,30.0
66,31220,OWN,1.9,DEBTCONSOLIDATION,C,14136,13.01,0,0.453,Y,30.0
59,40480,RENT,4.5,DEBTCONSOLIDATION,C,15167,15.2,0,0.375,N,30.0
62,30405,RENT,27.3,PERSONAL,B,18300,10.35,1,0.602,N,30.0
31,93489,RENT,2.9,VENTURE,C,18182,15.23,1,0.194,Y,13.0
63,49651,RENT,12.7,MEDICAL,C,5971,14.01,0,0.12,N,30.0
55,153386,RENT,2.1,PERSONAL,C,27909,14.67,0,0.182,N,30.0
67,47268,RENT,0.3,DEBTCONSOLIDATION,B,20659,9.91,1,0.437,N,30.0
23,32046,RENT,1.1,PERSONAL,B,32403,10.92,1,1.011,N,1.0
24,19767,RENT,2.7,EDUCATION,A,34586,5.43,1,1.75,N,2.0
56,16615,RENT,,VENTURE,D,11360,15.85,1,0.684,N,30.0
27,18949,RENT,,DEBTCONSOLIDATION,C,22424,11.72,0,1.183,N,8.0
61,57542,OWN,12.3,DEBTCONSOLIDATION,B,33499,9.13,1,0.582,N,30.0
47,66518,MORTGAGE,9.3,MEDICAL,E,4065,17.43,0,0.061,N,28.0
50,18982,OWN,6.8,VENTURE,A,4259,8.29,0,0.224,N,30.0
28,83869,RENT,0.9,EDUCATION,D,13300,15.82,1,0.159,N,10.0
48,36686,RENT,0.6,HOMEIMPROVEMENT,G,34370,23.54,1,0.937,N,30.0
33,53534,MORTGAGE,0.3,PERSONAL,D,5295,15.79,1,0.099,N,15.0
59,128969,RENT,6.4,MEDICAL,D,28209,17.3,0,0.219,N,30.0
60,83960,RENT,13.2,DEBTCONSOLIDATION,B,21927,10.5,0,0.261,N,30.0
41,41726,RENT,2.8,HOMEIMPROVEMENT,A,10032,7.8,1,0.24,Y,21.0
30,28718,RENT,0.6,EDUCATION,C,28718,12.82,1,1.0,Y,8.0
42,15000,RENT,3.6,VENTURE,B,13877,11.88,1,0.925,Y,22.0
20,31840,RENT,2.1,PERSONAL,A,27666,8.97,1,0.869,N,1.0
65,43188,MORTGAGE,2.3,MEDICAL,C,7766,13.46,0,0.18,N,30.0
56,27110,RENT,4.9,DEBTCONSOLIDATION,B,23829,9.8,1,0.879,Y,30.0
40,45308,RENT,6.3,DEBTCONSOLIDATION,E,21221,16.56,1,0.468,Y,21.0
45,51334,MORTGAGE,0.6,HOMEIMPROVEMENT,D,26102,14.96,1,0.508,Y,26.0
65,42833,RENT,0.2,HOMEIMPROVEMENT,D,16932,13.4,1,0.395,N,30.0
55,33189,RENT,25.9,PERSONAL,C,26714,12.41,1,0.805,N,30.0
42,54241,MORTGAGE,1.3,VENTURE,D,3552,16.43,0,0.065,N,22.0
20,63905,RENT,0.3,EDUCATION,D,15274,15.94,1,0.239,N,1.0
59,25482,RENT,1.1,VENTURE,C,30250,16.29,1,1.187,N,30.0
34,114297,RENT,0.2,VENTURE,A,3808,7.05,0,0.033,N,16.0
40,46205,RENT,2.5,VENTURE,D,16295,15.46,1,0.353,N,22.0
66,49578,MORTGAGE,8.1,PERSONAL,D,15669,17.28,1,0.316,N,30.0
28,74976,MORTGAGE,2.1,PERSONAL,B,11523,8.19,0,0.154,N,6.0
28,56383,RENT,2.9,EDUCATION,A,14769,5.72,0,0.262,Y,9.0
29,86845,MORTGAGE,5.6,VENTURE,C,26207,14.3,0,0.302,Y,9.0
45,58236,MORTGAGE,3.6,PERSONAL,A,26557,7.27,1,0.456,N,26.0
